timestamp,avg_update_ms,max_update_ms,fps_ms,players,zombies_loaded,zombies_simulated,loaded_cells,heap_used_mb,resend_buffer_bytes,recv_packets_total,sent_packets_total
2026-07-13_17-22-08,9.0,740.0,189.0,17.0,1301.0,0.0,152.0,14675.0,80375.0,65259,308551
2026-07-13_17-22-21,3.0,217.0,68.0,17.0,1296.0,0.0,149.0,15411.0,10645.0,67143,320044
2026-07-13_17-22-34,6.0,179.0,136.0,17.0,1334.0,0.0,153.0,16148.0,5532.0,68732,330517
2026-07-13_17-22-47,4.0,185.0,101.0,17.0,1207.0,0.0,150.0,16861.0,3124.0,70266,342194
2026-07-13_17-23-00,8.0,165.0,165.0,17.0,1179.0,0.0,153.0,17613.0,24624.0,71742,352427
2026-07-13_17-23-13,5.0,173.0,104.0,17.0,1004.0,0.0,150.0,18358.0,8048.0,73192,361068
2026-07-13_17-23-26,4.0,170.0,102.0,18.0,1039.0,0.0,161.0,19222.0,19673.0,74640,370035
2026-07-13_17-23-39,4.0,115.0,101.0,18.0,1046.0,0.0,164.0,19878.0,1022.0,75974,378218
2026-07-13_17-23-52,4.0,183.0,98.0,19.0,1046.0,0.0,164.0,20466.0,168.0,77408,388049
2026-07-13_17-24-05,5.0,112.0,108.0,19.0,1046.0,0.0,164.0,21002.0,7369.0,78769,396642
2026-07-13_17-24-18,4.0,107.0,103.0,19.0,1045.0,0.0,164.0,21560.0,20944.0,80178,405307
2026-07-13_17-24-31,4.0,236.0,98.0,19.0,1045.0,0.0,164.0,22152.0,4379.0,81561,414420
2026-07-13_17-24-44,2.0,220.0,45.0,19.0,1047.0,0.0,167.0,22781.0,23274.0,83002,422935
2026-07-13_17-24-58,5.0,109.0,104.0,19.0,997.0,0.0,163.0,23372.0,24599.0,84579,431886
2026-07-13_17-25-11,4.0,123.0,96.0,19.0,997.0,0.0,163.0,23915.0,297.0,85949,440445
2026-07-13_17-25-24,5.0,105.0,105.0,19.0,993.0,0.0,160.0,24517.0,38.0,87260,448559
2026-07-13_17-25-37,4.0,105.0,98.0,19.0,993.0,0.0,160.0,25056.0,224.0,88695,457515
2026-07-13_17-25-50,4.0,103.0,103.0,19.0,994.0,0.0,160.0,25597.0,51932.0,90051,466038
2026-07-13_17-26-03,5.0,121.0,116.0,19.0,993.0,0.0,160.0,26203.0,427811.0,91387,474302
2026-07-13_17-26-16,5.0,206.0,115.0,19.0,1023.0,0.0,160.0,26841.0,150.0,93062,483819
2026-07-13_17-26-30,49.0,1000.0,1000.0,20.0,1219.0,0.0,157.0,27669.0,0.0,95030,497349
2026-07-13_17-26-43,3.0,293.0,82.0,19.0,1709.0,0.0,167.0,28672.0,13687.0,96995,510396
2026-07-13_17-26-56,4.0,194.0,98.0,19.0,1604.0,0.0,159.0,29416.0,7244.0,98600,521451
2026-07-13_17-27-10,7.0,145.0,145.0,19.0,1627.0,0.0,167.0,30643.0,338912.0,100359,531581
2026-07-13_17-27-23,5.0,191.0,105.0,19.0,1062.0,0.0,171.0,31446.0,634.0,102419,543791
2026-07-13_17-27-37,4.0,124.0,100.0,19.0,1093.0,0.0,160.0,32283.0,2327.0,104693,557627
2026-07-13_17-27-51,5.0,122.0,122.0,19.0,1145.0,0.0,175.0,33132.0,5849.0,106720,571181
2026-07-13_17-28-04,5.0,164.0,118.0,19.0,1266.0,0.0,174.0,33946.0,21517.0,108902,585070
2026-07-13_17-28-18,4.0,106.0,97.0,19.0,1256.0,0.0,170.0,34974.0,257.0,111122,595351
2026-07-13_17-28-31,4.0,282.0,103.0,19.0,1098.0,0.0,167.0,35915.0,5429.0,113099,607792
2026-07-13_17-28-45,5.0,110.0,109.0,19.0,908.0,0.0,157.0,36479.0,41138.0,115081,621803
2026-07-13_17-28-58,5.0,192.0,110.0,19.0,970.0,0.0,160.0,37123.0,23776.0,117468,633735
2026-07-13_17-29-12,6.0,299.0,135.0,19.0,981.0,0.0,162.0,37882.0,3521.0,120004,644679
2026-07-13_17-29-26,5.0,106.0,105.0,19.0,926.0,0.0,161.0,38572.0,296.0,121899,654573
2026-07-13_17-29-40,4.0,127.0,89.0,19.0,874.0,0.0,165.0,39281.0,13684.0,123849,665641
2026-07-13_17-29-53,18.0,383.0,383.0,19.0,898.0,0.0,162.0,7545.0,0.0,125679,675673
2026-07-13_17-30-07,1.0,219.0,36.0,20.0,920.0,0.0,166.0,7992.0,28634.0,127560,687084
2026-07-13_17-30-21,5.0,109.0,109.0,20.0,1133.0,0.0,175.0,9089.0,31547.0,129614,700898
2026-07-13_17-30-35,4.0,392.0,102.0,20.0,1102.0,0.0,170.0,10137.0,25952.0,132070,715700
2026-07-13_17-30-49,4.0,108.0,102.0,20.0,1142.0,0.0,179.0,11072.0,408.0,134653,731776
2026-07-13_17-31-02,4.0,108.0,99.0,20.0,1162.0,0.0,174.0,11842.0,15256.0,136843,744886
2026-07-13_17-31-16,4.0,117.0,101.0,20.0,1181.0,0.0,173.0,12434.0,849.0,139022,757302
2026-07-13_17-31-30,4.0,107.0,102.0,20.0,1183.0,0.0,169.0,12939.0,2160.0,141207,769286
2026-07-13_17-31-44,5.0,211.0,106.0,20.0,1240.0,0.0,176.0,13885.0,706.0,143296,780424
2026-07-13_17-31-58,9.0,191.0,191.0,19.0,1139.0,0.0,169.0,14380.0,30062.0,145124,791625
2026-07-13_17-32-11,9.0,202.0,190.0,19.0,1086.0,0.0,166.0,14923.0,16032.0,147083,803587
2026-07-13_17-32-25,10.0,250.0,220.0,19.0,1098.0,0.0,167.0,15575.0,148.0,148946,814033
2026-07-13_17-32-39,4.0,107.0,98.0,19.0,1109.0,0.0,169.0,16250.0,31320.0,150915,824654
2026-07-13_17-32-53,5.0,213.0,112.0,19.0,1090.0,0.0,173.0,16989.0,4974.0,152896,836205
2026-07-13_17-33-07,10.0,348.0,203.0,19.0,1284.0,0.0,173.0,17899.0,27076.0,154947,849576
2026-07-13_17-33-21,4.0,118.0,95.0,19.0,986.0,0.0,159.0,18587.0,25457.0,156823,860670
2026-07-13_17-33-35,22.0,449.0,449.0,19.0,1053.0,0.0,163.0,19363.0,1086.0,158810,873637
2026-07-13_17-33-49,10.0,211.0,211.0,19.0,1173.0,0.0,163.0,20315.0,10188.0,161075,888153
2026-07-13_17-34-03,2.0,186.0,67.0,19.0,1242.0,0.0,160.0,21091.0,28609.0,163275,899844
2026-07-13_17-34-18,3.0,293.0,74.0,20.0,1591.0,0.0,167.0,22059.0,25185.0,165838,917553
2026-07-13_17-34-32,13.0,270.0,270.0,20.0,1423.0,0.0,168.0,23102.0,17520.0,168348,934897
2026-07-13_17-34-46,3.0,291.0,76.0,20.0,1695.0,0.0,170.0,24165.0,9970.0,170840,951708
2026-07-13_17-35-01,5.0,274.0,117.0,20.0,1937.0,0.0,175.0,25155.0,5624.0,173442,968384
2026-07-13_17-35-15,4.0,316.0,87.0,20.0,1768.0,0.0,175.0,26036.0,215.0,175779,985843
2026-07-13_17-35-29,5.0,115.0,106.0,20.0,1218.0,0.0,171.0,26946.0,169.0,177945,1001702
2026-07-13_17-35-43,4.0,110.0,102.0,20.0,1631.0,0.0,175.0,27852.0,5893.0,180081,1017053
2026-07-13_17-35-57,5.0,123.0,106.0,20.0,1761.0,0.0,168.0,28674.0,9343.0,182351,1031632
2026-07-13_17-36-12,8.0,191.0,171.0,20.0,1639.0,0.0,171.0,29651.0,17055.0,184658,1046422
2026-07-13_17-36-26,4.0,182.0,95.0,20.0,1679.0,0.0,177.0,30582.0,103.0,186964,1059355
2026-07-13_17-36-40,5.0,119.0,109.0,20.0,1826.0,0.0,180.0,31520.0,8186.0,189045,1070651
2026-07-13_17-36-54,4.0,207.0,92.0,20.0,1475.0,0.0,184.0,32617.0,24236.0,191499,1084636
2026-07-13_17-37-09,3.0,113.0,82.0,20.0,1625.0,0.0,183.0,33652.0,33406.0,193969,1100544
2026-07-13_17-37-23,6.0,459.0,158.0,20.0,1575.0,0.0,187.0,34972.0,52153.0,196715,1114929
2026-07-13_17-37-38,5.0,122.0,107.0,20.0,1790.0,0.0,186.0,36083.0,17737.0,199377,1131526
2026-07-13_17-37-53,8.0,201.0,173.0,20.0,1835.0,0.0,189.0,37056.0,494.0,201935,1145016
2026-07-13_17-38-07,2.0,199.0,59.0,20.0,1660.0,0.0,184.0,38092.0,1866.0,204189,1157251
2026-07-13_17-38-21,5.0,122.0,122.0,20.0,1661.0,0.0,177.0,38939.0,795.0,206112,1167488
2026-07-13_17-38-36,2.0,208.0,64.0,20.0,1689.0,0.0,179.0,39921.0,3967.0,208282,1179553
2026-07-13_17-38-50,9.0,204.0,204.0,20.0,1707.0,0.0,179.0,40831.0,1158.0,210459,1191964
2026-07-13_17-39-04,3.0,138.0,73.0,20.0,1811.0,0.0,188.0,41915.0,26374.0,212729,1205400
2026-07-13_17-39-19,3.0,181.0,72.0,20.0,1768.0,0.0,180.0,42830.0,26167.0,215244,1219816
2026-07-13_17-39-33,6.0,283.0,137.0,20.0,1606.0,0.0,177.0,43773.0,0.0,217752,1235074
2026-07-13_17-39-48,8.0,172.0,172.0,20.0,1618.0,0.0,172.0,44700.0,35680.0,220362,1247226
2026-07-13_17-40-02,9.0,374.0,186.0,20.0,1658.0,0.0,175.0,45533.0,52.0,222975,1259988
2026-07-13_17-40-16,10.0,224.0,210.0,20.0,1580.0,0.0,177.0,46481.0,18601.0,225915,1272685
2026-07-13_17-40-31,27.0,560.0,560.0,20.0,2474.0,0.0,174.0,47622.0,42790.0,228930,1292507
2026-07-13_17-40-45,4.0,321.0,97.0,20.0,4168.0,0.0,172.0,48827.0,17959.0,231892,1307032
2026-07-13_17-41-00,4.0,211.0,103.0,20.0,4145.0,0.0,175.0,7952.0,13917.0,234667,1319033
2026-07-13_17-41-15,107.0,2140.0,2140.0,20.0,3950.0,0.0,174.0,8965.0,10656.0,237565,1332114
2026-07-13_17-41-29,4.0,209.0,90.0,20.0,4206.0,0.0,183.0,10208.0,36371.0,240439,1347448
2026-07-13_17-41-44,8.0,177.0,177.0,20.0,4025.0,0.0,187.0,11488.0,6936.0,243129,1360715
2026-07-13_17-41-58,13.0,284.0,284.0,20.0,4003.0,0.0,183.0,12576.0,5559.0,245488,1372210
2026-07-13_17-42-13,4.0,367.0,93.0,20.0,4106.0,0.0,178.0,13847.0,17215.0,247993,1384020
2026-07-13_17-42-28,10.0,240.0,218.0,20.0,2926.0,0.0,176.0,15076.0,40638.0,250221,1398061
2026-07-13_17-42-43,28.0,573.0,573.0,20.0,1447.0,0.0,171.0,16464.0,4475.0,252613,1412022
2026-07-13_17-42-57,8.0,250.0,174.0,20.0,2186.0,0.0,174.0,17922.0,37348.0,254846,1428884
2026-07-13_17-43-12,45.0,922.0,922.0,20.0,1785.0,0.0,158.0,18926.0,4646.0,257057,1446492
2026-07-13_17-43-27,11.0,447.0,249.0,20.0,1791.0,0.0,154.0,19929.0,7376.0,259295,1462038
2026-07-13_17-43-42,11.0,224.0,224.0,20.0,1543.0,0.0,159.0,21223.0,5456.0,261838,1478344
2026-07-13_17-43-57,7.0,173.0,148.0,20.0,1714.0,0.0,167.0,22370.0,4232.0,264352,1492674
2026-07-13_17-44-12,5.0,113.0,104.0,20.0,1745.0,0.0,170.0,23303.0,12778.0,266943,1503635
2026-07-13_17-44-26,3.0,233.0,84.0,20.0,1744.0,0.0,169.0,24142.0,10343.0,269113,1515377
2026-07-13_17-44-41,5.0,111.0,105.0,20.0,1805.0,0.0,166.0,25044.0,21132.0,271799,1525801
2026-07-13_17-44-56,4.0,109.0,97.0,20.0,1624.0,0.0,152.0,25820.0,7072.0,274604,1536758
2026-07-13_17-45-11,4.0,208.0,100.0,20.0,1729.0,0.0,156.0,26833.0,27503.0,277384,1550339
2026-07-13_17-45-25,14.0,290.0,290.0,20.0,1894.0,0.0,157.0,27850.0,8837.0,280055,1563867
2026-07-13_17-45-40,18.0,381.0,381.0,20.0,2060.0,0.0,164.0,28978.0,9157.0,283251,1576662
2026-07-13_17-45-55,4.0,197.0,84.0,20.0,2147.0,0.0,160.0,29987.0,4179.0,286547,1589825
2026-07-13_17-46-10,4.0,105.0,98.0,20.0,2229.0,0.0,165.0,31067.0,3627.0,289493,1601517
2026-07-13_17-46-25,5.0,133.0,124.0,20.0,2307.0,0.0,174.0,32231.0,4823.0,292428,1614547
2026-07-13_17-46-40,4.0,116.0,97.0,20.0,1844.0,0.0,173.0,33369.0,4940.0,295294,1630594
2026-07-13_17-46-55,10.0,217.0,217.0,20.0,2033.0,0.0,173.0,34565.0,6958.0,298420,1645321
2026-07-13_17-47-09,4.0,201.0,99.0,20.0,2084.0,0.0,178.0,35651.0,5873.0,301534,1660423
2026-07-13_17-47-24,9.0,236.0,202.0,20.0,2235.0,0.0,179.0,36819.0,6037.0,304659,1676036
2026-07-13_17-47-39,5.0,119.0,108.0,20.0,2113.0,0.0,172.0,37968.0,18412.0,307636,1692504
2026-07-13_17-47-54,4.0,217.0,98.0,20.0,2080.0,0.0,168.0,38981.0,1040.0,310784,1706369
2026-07-13_17-48-09,4.0,105.0,98.0,20.0,2046.0,0.0,168.0,40038.0,17206.0,313961,1718865
2026-07-13_17-48-24,4.0,199.0,96.0,20.0,2259.0,0.0,171.0,41072.0,816.0,317096,1731981
2026-07-13_17-48-38,5.0,129.0,106.0,20.0,2237.0,0.0,168.0,42008.0,3750.0,320083,1743385
2026-07-13_17-48-53,10.0,223.0,217.0,20.0,1952.0,0.0,169.0,43054.0,14603.0,323155,1760056
2026-07-13_17-49-08,6.0,128.0,128.0,19.0,1778.0,0.0,168.0,44031.0,8686.0,326141,1777024
2026-07-13_17-49-23,5.0,122.0,108.0,19.0,1471.0,0.0,167.0,45006.0,750.0,329023,1790854
2026-07-13_17-49-38,5.0,183.0,105.0,19.0,1574.0,0.0,173.0,46045.0,37334.0,331811,1803248
2026-07-13_17-49-53,4.0,107.0,104.0,19.0,1572.0,0.0,176.0,47041.0,4731.0,334851,1814395
2026-07-13_17-50-08,4.0,114.0,102.0,19.0,1540.0,0.0,173.0,8208.0,4648.0,337615,1825055
2026-07-13_17-50-23,8.0,205.0,179.0,19.0,1475.0,0.0,179.0,9013.0,11817.0,340554,1835534
2026-07-13_17-50-37,10.0,217.0,217.0,19.0,1541.0,0.0,191.0,10034.0,18552.0,343419,1846223
2026-07-13_17-50-52,4.0,172.0,91.0,19.0,1576.0,0.0,198.0,11188.0,2974.0,345859,1856343
2026-07-13_17-51-07,4.0,246.0,100.0,19.0,1505.0,0.0,194.0,12268.0,2743.0,348193,1865903
2026-07-13_17-51-22,4.0,113.0,99.0,19.0,1504.0,0.0,189.0,13123.0,23932.0,350871,1875718
2026-07-13_17-51-37,4.0,218.0,95.0,19.0,1484.0,0.0,181.0,14002.0,718.0,353711,1886086
2026-07-13_17-51-52,5.0,168.0,106.0,19.0,1434.0,0.0,170.0,14923.0,11608.0,355923,1898172
2026-07-13_17-52-07,2.0,160.0,65.0,19.0,1432.0,0.0,179.0,15888.0,22307.0,358426,1908447
2026-07-13_17-52-22,7.0,247.0,161.0,19.0,1533.0,0.0,176.0,16968.0,2889.0,361089,1920745
2026-07-13_17-52-37,4.0,107.0,97.0,19.0,1520.0,0.0,165.0,18008.0,13981.0,363874,1934239
2026-07-13_17-52-52,5.0,119.0,104.0,19.0,1530.0,0.0,173.0,18954.0,470.0,366203,1945450
2026-07-13_17-53-07,4.0,182.0,97.0,19.0,1537.0,0.0,168.0,19853.0,367.0,368607,1955490
2026-07-13_17-53-22,4.0,107.0,99.0,19.0,1495.0,0.0,165.0,20736.0,2243.0,370958,1966473
2026-07-13_17-53-36,4.0,110.0,101.0,19.0,1488.0,0.0,162.0,21573.0,1278.0,373171,1976664
2026-07-13_17-53-51,4.0,111.0,101.0,19.0,1487.0,0.0,158.0,22353.0,629.0,375244,1986310
2026-07-13_17-54-06,4.0,125.0,97.0,19.0,1486.0,0.0,161.0,23221.0,210.0,377319,1995939
2026-07-13_17-54-20,4.0,186.0,98.0,19.0,1485.0,0.0,161.0,24052.0,446.0,379316,2005453
2026-07-13_17-54-35,4.0,113.0,99.0,19.0,1486.0,0.0,165.0,24920.0,20402.0,381364,2015234
2026-07-13_17-54-50,9.0,220.0,192.0,19.0,936.0,0.0,165.0,25713.0,18180.0,383686,2027684
2026-07-13_17-55-05,5.0,116.0,114.0,19.0,946.0,0.0,163.0,26570.0,248.0,386356,2040354
2026-07-13_17-55-20,4.0,112.0,102.0,19.0,884.0,0.0,160.0,27181.0,40643.0,389114,2052215
2026-07-13_17-55-35,8.0,312.0,162.0,19.0,972.0,0.0,164.0,27812.0,1161.0,391416,2062951
2026-07-13_17-55-49,4.0,107.0,102.0,19.0,973.0,0.0,167.0,28458.0,24820.0,393763,2074945
2026-07-13_17-56-04,4.0,183.0,99.0,19.0,977.0,0.0,174.0,29135.0,2689.0,396259,2087265
2026-07-13_17-56-19,4.0,112.0,102.0,19.0,975.0,0.0,174.0,29699.0,360.0,398547,2097210
2026-07-13_17-56-34,5.0,113.0,113.0,19.0,971.0,0.0,174.0,30217.0,1043.0,400919,2108816
2026-07-13_17-56-48,5.0,108.0,108.0,19.0,976.0,0.0,174.0,30876.0,74049.0,403264,2119850
2026-07-13_17-57-03,4.0,152.0,100.0,19.0,908.0,0.0,167.0,31532.0,1939.0,406337,2133809
2026-07-13_17-57-18,5.0,114.0,106.0,19.0,886.0,0.0,154.0,32119.0,98.0,408789,2146758
2026-07-13_17-57-32,4.0,125.0,102.0,19.0,886.0,0.0,154.0,32734.0,19517.0,411037,2157389
2026-07-13_17-57-48,4.0,570.0,94.0,20.0,1075.0,0.0,164.0,33552.0,44786.0,413868,2171678
2026-07-13_17-58-03,5.0,175.0,109.0,20.0,1132.0,0.0,173.0,34370.0,635.0,416969,2187742
2026-07-13_17-58-18,4.0,107.0,103.0,20.0,1130.0,0.0,170.0,35045.0,25817.0,419756,2199468
2026-07-13_17-58-32,5.0,198.0,108.0,20.0,1146.0,0.0,173.0,35794.0,17013.0,422786,2212047
2026-07-13_17-58-47,4.0,122.0,98.0,20.0,1145.0,0.0,173.0,36456.0,560.0,425327,2223127
2026-07-13_17-59-02,12.0,264.0,264.0,20.0,1130.0,0.0,173.0,37184.0,38287.0,427864,2234051
2026-07-13_17-59-17,8.0,210.0,162.0,20.0,1142.0,0.0,183.0,38033.0,871.0,430415,2245160
2026-07-13_17-59-33,5.0,214.0,107.0,21.0,1238.0,0.0,187.0,39036.0,16343.0,433498,2258408
2026-07-13_17-59-48,8.0,176.0,176.0,21.0,1252.0,0.0,187.0,39984.0,16662.0,436511,2270760
2026-07-13_18-00-03,6.0,137.0,137.0,20.0,1176.0,0.0,176.0,40770.0,0.0,439374,2282558
2026-07-13_18-00-18,5.0,105.0,105.0,20.0,1169.0,0.0,172.0,41517.0,77248.0,442222,2295256
2026-07-13_18-00-34,5.0,198.0,115.0,20.0,1168.0,0.0,179.0,42276.0,734.0,445488,2308004
2026-07-13_18-00-48,4.0,109.0,101.0,20.0,1168.0,0.0,179.0,43004.0,5098.0,448790,2320415
2026-07-13_18-01-04,4.0,229.0,95.0,20.0,1167.0,0.0,179.0,43677.0,1425.0,451938,2332128
2026-07-13_18-01-19,10.0,214.0,214.0,20.0,1392.0,0.0,182.0,44677.0,33492.0,455108,2346489
2026-07-13_18-01-34,4.0,189.0,103.0,20.0,1513.0,0.0,177.0,45508.0,16709.0,458071,2359460
2026-07-13_18-01-50,18.0,364.0,364.0,20.0,1190.0,0.0,174.0,46430.0,0.0,460885,2371752
2026-07-13_18-02-05,4.0,110.0,103.0,20.0,1235.0,0.0,181.0,47318.0,298.0,464054,2383737
2026-07-13_18-02-20,4.0,112.0,100.0,20.0,1233.0,0.0,177.0,48140.0,8546.0,467222,2396252
2026-07-13_18-02-36,8.0,170.0,162.0,20.0,1228.0,0.0,175.0,8237.0,53606.0,470720,2408514
2026-07-13_18-02-51,3.0,222.0,62.0,20.0,1237.0,0.0,183.0,9200.0,223.0,473971,2421848
2026-07-13_18-03-07,8.0,189.0,180.0,20.0,1220.0,0.0,176.0,10085.0,5780.0,477144,2434511
2026-07-13_18-03-22,5.0,121.0,103.0,20.0,1204.0,0.0,177.0,10930.0,0.0,480496,2448100
2026-07-13_18-03-37,4.0,131.0,98.0,20.0,1271.0,0.0,180.0,11920.0,233.0,483836,2462400
2026-07-13_18-03-53,5.0,214.0,120.0,21.0,1273.0,0.0,192.0,13054.0,32106.0,487149,2479171
2026-07-13_18-04-08,5.0,209.0,117.0,21.0,1269.0,0.0,195.0,14166.0,17193.0,490667,2493364
2026-07-13_18-04-24,3.0,171.0,65.0,21.0,1216.0,0.0,195.0,15091.0,25255.0,494184,2507582
2026-07-13_18-04-40,3.0,317.0,78.0,21.0,1166.0,0.0,189.0,16173.0,35156.0,498189,2522841
2026-07-13_18-04-55,5.0,113.0,104.0,21.0,1142.0,0.0,196.0,17192.0,1837.0,501769,2536576
2026-07-13_18-05-11,9.0,203.0,193.0,21.0,1101.0,0.0,194.0,18161.0,853.0,505504,2552697
2026-07-13_18-05-26,4.0,184.0,101.0,21.0,1135.0,0.0,191.0,19191.0,1612.0,508929,2565922
2026-07-13_18-05-42,3.0,269.0,79.0,21.0,1187.0,0.0,205.0,20220.0,32321.0,512937,2581429
2026-07-13_18-05-57,4.0,125.0,102.0,21.0,1190.0,0.0,201.0,21164.0,41942.0,516726,2596084
2026-07-13_18-06-13,12.0,245.0,245.0,21.0,1201.0,0.0,206.0,22173.0,38096.0,520512,2609749
2026-07-13_18-06-29,4.0,112.0,95.0,21.0,1161.0,0.0,200.0,23047.0,1589.0,523909,2622442
2026-07-13_18-06-44,9.0,200.0,200.0,21.0,956.0,0.0,184.0,23863.0,536.0,527716,2636463
2026-07-13_18-07-00,7.0,199.0,156.0,21.0,982.0,0.0,199.0,24758.0,43584.0,531305,2650514
2026-07-13_18-07-16,7.0,162.0,162.0,21.0,1015.0,0.0,199.0,26677.0,296.0,535563,2665247
2026-07-13_18-07-31,5.0,168.0,106.0,21.0,1008.0,0.0,201.0,27644.0,776.0,539186,2678517
2026-07-13_18-07-47,6.0,129.0,125.0,21.0,949.0,0.0,190.0,28517.0,10850.0,542807,2693086
2026-07-13_18-08-03,4.0,123.0,89.0,21.0,945.0,0.0,193.0,29435.0,950.0,546185,2706500
2026-07-13_18-08-18,5.0,223.0,108.0,21.0,930.0,0.0,193.0,30255.0,1071.0,549654,2720172
2026-07-13_18-08-34,5.0,110.0,110.0,21.0,900.0,0.0,191.0,31188.0,35310.0,553018,2733313
2026-07-13_18-08-49,4.0,107.0,100.0,21.0,949.0,0.0,186.0,32111.0,26239.0,556569,2748258
2026-07-13_18-09-05,4.0,112.0,101.0,21.0,960.0,0.0,180.0,33093.0,2123.0,560431,2762483
2026-07-13_18-09-21,4.0,127.0,101.0,21.0,974.0,0.0,182.0,33963.0,312.0,563898,2776495
2026-07-13_18-09-37,3.0,207.0,69.0,21.0,942.0,0.0,185.0,35290.0,9567.0,568033,2790327
2026-07-13_18-09-52,4.0,117.0,99.0,21.0,1045.0,0.0,183.0,36463.0,21500.0,571540,2806164
2026-07-13_18-10-08,4.0,154.0,99.0,21.0,1127.0,0.0,181.0,37396.0,24725.0,575617,2820701
2026-07-13_18-10-24,3.0,198.0,77.0,21.0,1121.0,0.0,176.0,38293.0,26834.0,579531,2834789
2026-07-13_18-10-39,4.0,104.0,100.0,21.0,1205.0,0.0,182.0,39220.0,42953.0,583359,2850402
2026-07-13_18-10-55,5.0,198.0,106.0,21.0,1196.0,0.0,179.0,40009.0,23059.0,587151,2864878
2026-07-13_18-11-11,4.0,111.0,98.0,21.0,1204.0,0.0,175.0,40806.0,541.0,590697,2878863
2026-07-13_18-11-27,5.0,198.0,105.0,21.0,1185.0,0.0,173.0,41597.0,13835.0,594968,2894460
2026-07-13_18-11-42,4.0,108.0,102.0,21.0,1365.0,0.0,180.0,42532.0,52332.0,598912,2912365
2026-07-13_18-11-58,3.0,299.0,65.0,21.0,1349.0,0.0,181.0,43452.0,20698.0,603390,2929051
2026-07-13_18-12-14,5.0,112.0,109.0,21.0,1354.0,0.0,188.0,44361.0,2790.0,607512,2946712
2026-07-13_18-12-29,4.0,119.0,94.0,21.0,1324.0,0.0,180.0,45197.0,1491.0,611409,2962299
2026-07-13_18-12-45,4.0,111.0,98.0,21.0,1320.0,0.0,181.0,46053.0,40417.0,615561,2976655
2026-07-13_18-13-01,5.0,116.0,116.0,21.0,1252.0,0.0,183.0,46963.0,137.0,619406,2991514
2026-07-13_18-13-16,4.0,104.0,101.0,21.0,1265.0,0.0,179.0,47741.0,682.0,623001,3004593
2026-07-13_18-13-32,5.0,357.0,129.0,21.0,1218.0,0.0,176.0,48389.0,8464.0,626626,3018754
2026-07-13_18-13-51,4.0,115.0,100.0,21.0,1200.0,0.0,169.0,7648.0,5627.0,630869,3033203
2026-07-13_18-14-06,5.0,118.0,118.0,21.0,1238.0,0.0,171.0,8441.0,130.0,634372,3048659
2026-07-13_18-14-22,2.0,168.0,53.0,21.0,1298.0,0.0,175.0,9355.0,45437.0,638078,3064284
2026-07-13_18-14-38,4.0,111.0,101.0,22.0,1370.0,0.0,188.0,10477.0,1370.0,642250,3081489
2026-07-13_18-14-54,4.0,176.0,98.0,22.0,1315.0,0.0,189.0,11328.0,373.0,646508,3100396
2026-07-13_18-15-10,6.0,124.0,124.0,22.0,1139.0,0.0,181.0,12129.0,347.0,650369,3115415
2026-07-13_18-15-26,4.0,107.0,98.0,22.0,1136.0,0.0,184.0,12941.0,6121.0,653547,3129429
2026-07-13_18-15-42,4.0,181.0,95.0,22.0,1133.0,0.0,187.0,13715.0,24053.0,657406,3144775
2026-07-13_18-15-58,5.0,200.0,118.0,22.0,1126.0,0.0,188.0,14615.0,4285.0,661741,3160333
2026-07-13_18-16-14,5.0,117.0,117.0,22.0,1356.0,0.0,199.0,15550.0,17924.0,665780,3175903
2026-07-13_18-16-30,4.0,205.0,96.0,22.0,1279.0,0.0,198.0,16477.0,22417.0,669911,3192689
2026-07-13_18-16-46,4.0,189.0,92.0,22.0,1305.0,0.0,200.0,17479.0,714.0,673811,3209067
2026-07-13_18-17-02,8.0,165.0,165.0,22.0,1284.0,0.0,196.0,18381.0,240.0,678097,3224620
2026-07-13_18-17-18,5.0,189.0,105.0,22.0,1292.0,0.0,199.0,19465.0,2402.0,682290,3241762
2026-07-13_18-17-34,5.0,231.0,113.0,22.0,1285.0,0.0,203.0,20436.0,827.0,686260,3256877
2026-07-13_18-17-50,10.0,296.0,218.0,22.0,1338.0,0.0,202.0,7973.0,4219.0,690674,3273437
2026-07-13_18-18-06,5.0,116.0,116.0,22.0,1160.0,0.0,191.0,8380.0,2504.0,694809,3288402
2026-07-13_18-18-22,4.0,133.0,103.0,22.0,1128.0,0.0,191.0,9370.0,7822.0,698632,3303258
2026-07-13_18-18-38,3.0,115.0,82.0,22.0,1128.0,0.0,189.0,10391.0,27147.0,702561,3317857
2026-07-13_18-18-54,5.0,119.0,105.0,22.0,1129.0,0.0,184.0,11305.0,27297.0,706482,3332990
2026-07-13_18-19-11,4.0,153.0,98.0,22.0,942.0,0.0,174.0,12314.0,72446.0,711226,3351920
2026-07-13_18-19-27,10.0,223.0,223.0,22.0,882.0,0.0,178.0,13245.0,19034.0,715509,3368021
2026-07-13_18-19-43,4.0,188.0,99.0,22.0,965.0,0.0,181.0,14214.0,21159.0,719586,3383964
2026-07-13_18-19-59,8.0,371.0,168.0,22.0,925.0,0.0,184.0,15240.0,20979.0,723469,3399504
2026-07-13_18-20-15,4.0,189.0,97.0,22.0,857.0,0.0,187.0,16330.0,14203.0,727513,3416869
2026-07-13_18-20-31,8.0,188.0,166.0,22.0,1014.0,0.0,201.0,17469.0,16343.0,732053,3434897
2026-07-13_18-20-47,8.0,187.0,175.0,22.0,1024.0,0.0,190.0,18563.0,0.0,736759,3451665
2026-07-13_18-21-03,10.0,212.0,212.0,22.0,1305.0,0.0,194.0,19883.0,8231.0,741510,3469187
2026-07-13_18-21-19,8.0,197.0,172.0,22.0,1342.0,0.0,194.0,20916.0,419.0,746045,3485802
2026-07-13_18-21-35,4.0,108.0,98.0,22.0,1384.0,0.0,187.0,21927.0,290.0,750331,3502427
2026-07-13_18-21-51,3.0,197.0,82.0,22.0,1377.0,0.0,188.0,22892.0,276208.0,754520,3520505
2026-07-13_18-22-08,2.0,206.0,61.0,22.0,1426.0,0.0,197.0,23983.0,40283.0,758821,3537594
2026-07-13_18-22-24,5.0,122.0,122.0,22.0,1493.0,0.0,204.0,25109.0,5684.0,763090,3554547
2026-07-13_18-22-40,3.0,199.0,68.0,22.0,1509.0,0.0,206.0,26243.0,55070.0,767450,3573562
2026-07-13_18-22-56,4.0,116.0,101.0,22.0,1539.0,0.0,202.0,27258.0,36019.0,771748,3590673
2026-07-13_18-23-13,4.0,127.0,94.0,22.0,1416.0,0.0,197.0,28288.0,36630.0,775960,3608601
2026-07-13_18-23-29,23.0,476.0,476.0,21.0,1429.0,0.0,203.0,29328.0,3093.0,780250,3625186
2026-07-13_18-23-45,4.0,114.0,100.0,21.0,1476.0,0.0,204.0,30308.0,1064.0,784548,3641504
2026-07-13_18-24-01,4.0,109.0,99.0,21.0,1472.0,0.0,207.0,31333.0,7716.0,788984,3657858
2026-07-13_18-24-17,4.0,112.0,95.0,21.0,1475.0,0.0,214.0,32335.0,42047.0,792863,3673162
2026-07-13_18-24-33,4.0,408.0,106.0,21.0,1461.0,0.0,211.0,33474.0,16367.0,796690,3689265
2026-07-13_18-24-49,5.0,156.0,109.0,21.0,1519.0,0.0,210.0,34558.0,0.0,800947,3706251
2026-07-13_18-25-05,6.0,126.0,126.0,21.0,1522.0,0.0,213.0,35632.0,4172.0,804918,3722344
2026-07-13_18-25-21,2.0,176.0,62.0,21.0,1383.0,0.0,214.0,36723.0,1813.0,808706,3737956
2026-07-13_18-25-38,12.0,253.0,253.0,21.0,1465.0,0.0,202.0,37796.0,21308.0,813233,3756959
2026-07-13_18-25-54,4.0,113.0,100.0,21.0,1505.0,0.0,205.0,38904.0,236.0,817488,3776981
2026-07-13_18-26-10,58.0,1182.0,1182.0,21.0,1337.0,0.0,201.0,40005.0,51971.0,821968,3796923
2026-07-13_18-26-26,4.0,202.0,102.0,21.0,1428.0,0.0,201.0,41183.0,13993.0,826547,3815347
2026-07-13_18-26-43,18.0,389.0,389.0,21.0,1374.0,0.0,202.0,42316.0,0.0,831029,3834852
2026-07-13_18-26-59,5.0,268.0,118.0,21.0,1437.0,0.0,205.0,43429.0,26665.0,835850,3854182
2026-07-13_18-27-16,8.0,272.0,166.0,21.0,1552.0,0.0,209.0,44606.0,5326.0,840800,3876609
2026-07-13_18-27-32,5.0,130.0,103.0,21.0,1427.0,0.0,206.0,45707.0,5635.0,845564,3895118
2026-07-13_18-27-48,5.0,127.0,120.0,19.0,1087.0,0.0,180.0,46747.0,7633.0,849830,3915340
2026-07-13_18-28-04,8.0,470.0,175.0,19.0,1458.0,0.0,182.0,47901.0,64105.0,854305,3935718
2026-07-13_18-28-21,95.0,1910.0,1910.0,19.0,1503.0,0.0,189.0,48674.0,49507.0,858128,3951888
2026-07-13_18-28-41,10.0,368.0,219.0,19.0,1476.0,0.0,182.0,49052.0,52178.0,863792,3966514
2026-07-13_18-28-57,3.0,230.0,72.0,19.0,1472.0,0.0,189.0,8675.0,26433.0,868428,3983410
2026-07-13_18-29-14,8.0,207.0,171.0,19.0,1143.0,0.0,185.0,9932.0,60.0,873318,4001546
2026-07-13_18-29-30,15.0,323.0,323.0,19.0,1543.0,0.0,176.0,11198.0,27413.0,878026,4018040
2026-07-13_18-29-46,3.0,232.0,62.0,19.0,956.0,0.0,168.0,12278.0,12518.0,882710,4034269
2026-07-13_18-30-02,4.0,129.0,93.0,19.0,779.0,0.0,155.0,13207.0,488.0,887537,4050890
2026-07-13_18-30-18,10.0,350.0,216.0,19.0,895.0,0.0,158.0,14076.0,19191.0,891122,4065756
2026-07-13_18-30-35,4.0,159.0,100.0,19.0,934.0,0.0,154.0,14971.0,12475.0,894821,4079427
2026-07-13_18-30-51,6.0,227.0,130.0,19.0,864.0,0.0,156.0,15999.0,20553.0,899437,4094218
2026-07-13_18-31-07,4.0,197.0,83.0,19.0,1034.0,0.0,172.0,16997.0,8265.0,904521,4108383
2026-07-13_18-31-23,4.0,164.0,103.0,19.0,954.0,0.0,165.0,17823.0,1005.0,908185,4122091
2026-07-13_18-31-38,4.0,120.0,101.0,19.0,888.0,0.0,162.0,18572.0,5972.0,911699,4134328
2026-07-13_18-31-55,8.0,244.0,169.0,19.0,732.0,0.0,163.0,19526.0,2206.0,915685,4147691
2026-07-13_18-32-11,4.0,202.0,87.0,19.0,755.0,0.0,163.0,20501.0,2179.0,919812,4162593
2026-07-13_18-32-27,3.0,217.0,70.0,19.0,892.0,0.0,170.0,21487.0,17685.0,924273,4178839
2026-07-13_18-32-43,5.0,157.0,107.0,19.0,802.0,0.0,164.0,22389.0,30321.0,928397,4193174
2026-07-13_18-32-59,20.0,408.0,408.0,19.0,691.0,0.0,165.0,23406.0,44630.0,933178,4207447
2026-07-13_18-33-15,2.0,949.0,98.0,18.0,748.0,0.0,153.0,24270.0,64186.0,937514,4221423
2026-07-13_18-33-31,9.0,280.0,184.0,18.0,902.0,0.0,155.0,25218.0,6904.0,942130,4235743
2026-07-13_18-33-47,3.0,224.0,73.0,18.0,839.0,0.0,152.0,25998.0,45254.0,946733,4249869
2026-07-13_18-34-03,7.0,163.0,163.0,18.0,1094.0,0.0,162.0,26975.0,5769.0,951800,4262933
2026-07-13_18-34-19,2.0,250.0,62.0,18.0,1136.0,0.0,168.0,28032.0,26656.0,957203,4276743
2026-07-13_18-34-35,2.0,162.0,63.0,18.0,1135.0,0.0,159.0,29009.0,23958.0,962137,4290419
2026-07-13_18-34-51,6.0,168.0,136.0,18.0,1163.0,0.0,159.0,29999.0,2011.0,966629,4304164
2026-07-13_18-35-07,4.0,182.0,98.0,18.0,1215.0,0.0,159.0,31063.0,976.0,971587,4318480
2026-07-13_18-35-23,3.0,172.0,82.0,18.0,1016.0,0.0,152.0,32084.0,2527.0,975778,4332893
2026-07-13_18-35-39,2.0,190.0,58.0,18.0,1024.0,0.0,152.0,32931.0,33044.0,979397,4344965
2026-07-13_18-35-55,4.0,157.0,83.0,18.0,1075.0,0.0,149.0,33827.0,19649.0,983862,4359299
2026-07-13_18-36-10,11.0,237.0,237.0,18.0,996.0,0.0,157.0,34821.0,15132.0,988260,4372908
2026-07-13_18-36-26,4.0,119.0,99.0,18.0,1011.0,0.0,159.0,35785.0,1155.0,992282,4384912
2026-07-13_18-36-43,3.0,167.0,77.0,18.0,1009.0,0.0,166.0,36683.0,3507.0,996185,4397116
2026-07-13_18-36-58,4.0,106.0,102.0,18.0,931.0,0.0,159.0,37692.0,3656.0,999926,4408406
2026-07-13_18-37-14,8.0,175.0,175.0,18.0,980.0,0.0,165.0,38608.0,0.0,1003810,4420113
2026-07-13_18-37-30,4.0,111.0,95.0,18.0,940.0,0.0,166.0,39491.0,8728.0,1007845,4433053
2026-07-13_18-37-46,4.0,115.0,98.0,18.0,966.0,0.0,166.0,40458.0,16925.0,1011399,4445026
2026-07-13_18-38-02,5.0,176.0,122.0,18.0,877.0,0.0,159.0,41429.0,681.0,1015194,4459616
2026-07-13_18-38-19,2.0,154.0,58.0,18.0,842.0,0.0,163.0,42356.0,14237.0,1018984,4472002
2026-07-13_18-38-35,4.0,185.0,101.0,18.0,843.0,0.0,164.0,43301.0,36135.0,1022574,4483683
2026-07-13_18-38-51,9.0,188.0,188.0,18.0,950.0,0.0,165.0,44287.0,17646.0,1026992,4497183
2026-07-13_18-39-07,2.0,337.0,73.0,18.0,943.0,0.0,155.0,45239.0,16096.0,1031174,4509850
2026-07-13_18-39-23,4.0,415.0,92.0,18.0,949.0,0.0,157.0,46126.0,977.0,1035637,4522429
2026-07-13_18-39-39,6.0,138.0,138.0,18.0,803.0,0.0,150.0,47020.0,14858.0,1039245,4535420
2026-07-13_18-39-55,5.0,114.0,110.0,18.0,850.0,0.0,149.0,47980.0,5531.0,1044129,4549374
2026-07-13_18-40-12,16.0,337.0,337.0,18.0,1030.0,0.0,159.0,48893.0,0.0,1048182,4562481
2026-07-13_18-40-27,4.0,114.0,98.0,18.0,859.0,0.0,159.0,8258.0,3218.0,1052468,4576542
2026-07-13_18-40-43,5.0,107.0,105.0,18.0,754.0,0.0,149.0,9122.0,336.0,1056253,4589328
2026-07-13_18-41-00,2.0,520.0,59.0,18.0,831.0,0.0,152.0,9959.0,8347.0,1059894,4602506
2026-07-13_18-41-16,6.0,215.0,143.0,18.0,932.0,0.0,159.0,10812.0,614.0,1064001,4616339
2026-07-13_18-41-32,5.0,122.0,122.0,18.0,932.0,0.0,158.0,11549.0,243.0,1067414,4627959
2026-07-13_18-41-48,4.0,460.0,97.0,18.0,1061.0,0.0,163.0,12496.0,6724.0,1071149,4641030
2026-07-13_18-42-04,4.0,115.0,102.0,18.0,1002.0,0.0,155.0,13329.0,128.0,1074945,4653565
2026-07-13_18-42-20,2.0,170.0,60.0,18.0,1142.0,0.0,155.0,14258.0,5025.0,1079189,4667362
2026-07-13_18-42-36,2.0,327.0,71.0,18.0,1124.0,0.0,148.0,15191.0,18240.0,1083608,4681628
2026-07-13_18-42-52,4.0,176.0,102.0,18.0,1161.0,0.0,152.0,16068.0,4284.0,1087941,4695463
2026-07-13_18-43-09,4.0,140.0,95.0,18.0,1150.0,0.0,149.0,16999.0,13732.0,1092713,4710516
2026-07-13_18-43-24,4.0,137.0,99.0,18.0,1098.0,0.0,149.0,17871.0,4749.0,1096812,4723309
2026-07-13_18-43-40,5.0,116.0,116.0,18.0,1134.0,0.0,146.0,18756.0,152.0,1100852,4735559
2026-07-13_18-43-56,3.0,179.0,63.0,18.0,1137.0,0.0,153.0,19706.0,253.0,1104299,4747038
2026-07-13_18-44-12,4.0,179.0,99.0,18.0,1171.0,0.0,149.0,20654.0,124.0,1108187,4758839
2026-07-13_18-44-28,4.0,112.0,95.0,18.0,1150.0,0.0,150.0,21606.0,1669.0,1111876,4772136
2026-07-13_18-44-44,5.0,108.0,105.0,18.0,1148.0,0.0,149.0,22678.0,18723.0,1116032,4784648
2026-07-13_18-45-00,2.0,295.0,52.0,18.0,1123.0,0.0,149.0,23689.0,22515.0,1120780,4797459
2026-07-13_18-45-17,3.0,200.0,67.0,18.0,996.0,0.0,137.0,24706.0,41755.0,1125386,4811386
2026-07-13_18-45-33,4.0,123.0,103.0,18.0,950.0,0.0,129.0,25660.0,2133.0,1129519,4826242
2026-07-13_18-45-49,7.0,191.0,159.0,18.0,1002.0,0.0,134.0,26665.0,751.0,1133486,4840709
2026-07-13_18-46-05,5.0,247.0,108.0,18.0,1020.0,0.0,130.0,27663.0,590.0,1137274,4853519
2026-07-13_18-46-21,3.0,171.0,80.0,18.0,1171.0,0.0,133.0,28764.0,3877.0,1141189,4868706
2026-07-13_18-46-38,9.0,193.0,193.0,18.0,1123.0,0.0,134.0,29764.0,0.0,1145754,4883937
2026-07-13_18-46-54,4.0,121.0,100.0,18.0,1257.0,0.0,138.0,30773.0,573.0,1149894,4898480
2026-07-13_18-47-11,48.0,965.0,965.0,18.0,1237.0,0.0,138.0,31836.0,2161.0,1154131,4912742
2026-07-13_18-47-27,4.0,110.0,103.0,18.0,1207.0,0.0,131.0,32700.0,990.0,1157855,4925498
2026-07-13_18-47-43,4.0,115.0,99.0,18.0,1096.0,0.0,132.0,33650.0,6956.0,1161955,4939028
2026-07-13_18-47-59,4.0,178.0,88.0,18.0,1095.0,0.0,136.0,7967.0,7240.0,1166173,4953101
2026-07-13_18-48-15,8.0,279.0,180.0,19.0,1219.0,0.0,139.0,9007.0,19827.0,1170428,4968642
2026-07-13_18-48-31,4.0,132.0,100.0,19.0,1259.0,0.0,142.0,9906.0,1039.0,1174481,4982877
2026-07-13_18-48-47,5.0,160.0,106.0,19.0,1166.0,0.0,142.0,10798.0,11945.0,1178539,4997854
2026-07-13_18-49-03,5.0,108.0,107.0,18.0,1162.0,0.0,142.0,11681.0,14026.0,1182428,5011383
2026-07-13_18-49-19,9.0,258.0,199.0,18.0,1180.0,0.0,141.0,12605.0,32562.0,1186141,5025501
2026-07-13_18-49-35,9.0,185.0,185.0,18.0,1236.0,0.0,141.0,13499.0,27569.0,1189758,5038212
2026-07-13_18-49-51,5.0,168.0,105.0,18.0,1235.0,0.0,141.0,14363.0,19566.0,1193535,5050808
2026-07-13_18-50-07,4.0,150.0,91.0,18.0,1233.0,0.0,141.0,15229.0,8203.0,1197109,5063261
2026-07-13_18-50-23,4.0,185.0,103.0,18.0,1231.0,0.0,141.0,16070.0,157.0,1200875,5076537
2026-07-13_18-50-39,2.0,177.0,57.0,18.0,1231.0,0.0,141.0,16959.0,77640.0,1204454,5088993
2026-07-13_18-50-56,4.0,107.0,99.0,18.0,1317.0,0.0,148.0,17918.0,7078.0,1207778,5100982
2026-07-13_18-51-12,4.0,111.0,99.0,18.0,1229.0,0.0,145.0,18817.0,13281.0,1210962,5113047
2026-07-13_18-51-28,4.0,114.0,97.0,18.0,1236.0,0.0,149.0,19706.0,33304.0,1214281,5125520
2026-07-13_18-51-44,4.0,124.0,95.0,18.0,1234.0,0.0,149.0,20524.0,3728.0,1217538,5137375
2026-07-13_18-52-00,4.0,103.0,97.0,18.0,1232.0,0.0,146.0,21357.0,8515.0,1221150,5150095
2026-07-13_18-52-16,4.0,178.0,96.0,18.0,1227.0,0.0,146.0,22122.0,7026.0,1224513,5162997
2026-07-13_18-52-32,27.0,560.0,560.0,18.0,1248.0,0.0,149.0,22923.0,17010.0,1227615,5174732
2026-07-13_18-52-48,4.0,191.0,97.0,18.0,1339.0,0.0,153.0,23737.0,1559.0,1230670,5187213
2026-07-13_18-53-04,4.0,143.0,100.0,18.0,1339.0,0.0,153.0,24519.0,4395.0,1233976,5199312
2026-07-13_18-53-21,6.0,133.0,133.0,18.0,1338.0,0.0,153.0,25375.0,198.0,1237920,5212145
2026-07-13_18-53-37,4.0,105.0,101.0,18.0,1306.0,0.0,150.0,26258.0,5804.0,1241782,5225496
2026-07-13_18-53-53,5.0,108.0,104.0,18.0,1306.0,0.0,150.0,27000.0,2199.0,1245460,5238449
2026-07-13_18-54-08,4.0,162.0,101.0,18.0,1305.0,0.0,150.0,27814.0,9796.0,1249062,5251281
2026-07-13_18-54-25,4.0,118.0,99.0,18.0,1303.0,0.0,150.0,29068.0,5919.0,1253027,5267201
2026-07-13_18-54-41,7.0,202.0,147.0,18.0,1262.0,0.0,153.0,30024.0,502.0,1257077,5281736
2026-07-13_18-54-57,5.0,113.0,109.0,18.0,1261.0,0.0,160.0,31295.0,10799.0,1261184,5294864
2026-07-13_18-55-13,4.0,111.0,100.0,18.0,1265.0,0.0,161.0,32222.0,3606.0,1264991,5308075
2026-07-13_18-55-29,2.0,313.0,49.0,18.0,1264.0,0.0,160.0,33059.0,62339.0,1268709,5321001
2026-07-13_18-55-46,4.0,132.0,95.0,18.0,1256.0,0.0,160.0,33969.0,28880.0,1272354,5333805
2026-07-13_18-56-02,5.0,104.0,104.0,18.0,1254.0,0.0,161.0,34888.0,4845.0,1276330,5346730
2026-07-13_18-56-18,6.0,210.0,132.0,19.0,1298.0,0.0,167.0,35873.0,96786.0,1280219,5361175
2026-07-13_18-56-35,4.0,125.0,97.0,19.0,1278.0,0.0,163.0,36733.0,21016.0,1283974,5375173
2026-07-13_18-56-51,2.0,199.0,60.0,19.0,1160.0,0.0,169.0,37958.0,24330.0,1288068,5388764
2026-07-13_18-57-08,15.0,320.0,320.0,19.0,1160.0,0.0,166.0,39611.0,16538.0,1292765,5403702
2026-07-13_18-57-24,5.0,112.0,106.0,19.0,1194.0,0.0,166.0,40540.0,46318.0,1297341,5417840
2026-07-13_18-57-41,4.0,115.0,85.0,19.0,1236.0,0.0,165.0,41435.0,6617.0,1301888,5431906
2026-07-13_18-57-58,4.0,105.0,103.0,18.0,1148.0,0.0,160.0,42702.0,16091.0,1305950,5444892
2026-07-13_18-58-14,8.0,179.0,179.0,18.0,1147.0,0.0,163.0,43442.0,15252.0,1310157,5457615
2026-07-13_18-58-31,5.0,185.0,103.0,18.0,1198.0,0.0,164.0,44260.0,15362.0,1314462,5470348
2026-07-13_18-58-47,4.0,106.0,100.0,18.0,1220.0,0.0,160.0,45015.0,3384.0,1318639,5483174
2026-07-13_18-59-04,4.0,107.0,102.0,18.0,1177.0,0.0,156.0,45761.0,16915.0,1322379,5496173
2026-07-13_18-59-20,4.0,135.0,97.0,18.0,1266.0,0.0,164.0,46663.0,9197.0,1326192,5508798
2026-07-13_18-59-37,4.0,167.0,95.0,18.0,1123.0,0.0,156.0,47460.0,17042.0,1330437,5522575
2026-07-13_18-59-53,2.0,194.0,56.0,18.0,1226.0,0.0,161.0,48362.0,41059.0,1334834,5537668
2026-07-13_19-00-10,5.0,116.0,116.0,18.0,1226.0,0.0,154.0,7413.0,45928.0,1339120,5554597
2026-07-13_19-00-26,34.0,686.0,686.0,18.0,1043.0,0.0,149.0,8348.0,46121.0,1343570,5571860
2026-07-13_19-00-43,6.0,373.0,128.0,18.0,1737.0,0.0,150.0,9328.0,65.0,1347540,5586885
2026-07-13_19-00-59,6.0,378.0,138.0,18.0,1544.0,0.0,149.0,10412.0,25238.0,1352289,5604201
2026-07-13_19-01-16,4.0,456.0,100.0,18.0,1596.0,0.0,149.0,11343.0,1225.0,1356419,5617271
2026-07-13_19-01-33,8.0,208.0,173.0,18.0,1671.0,0.0,149.0,12253.0,31052.0,1360620,5632057
2026-07-13_19-01-49,9.0,202.0,202.0,18.0,1298.0,0.0,147.0,13342.0,48453.0,1364686,5647245
2026-07-13_19-02-06,4.0,199.0,97.0,18.0,1728.0,0.0,150.0,14491.0,21141.0,1369226,5663744
2026-07-13_19-02-23,3.0,177.0,82.0,18.0,2105.0,0.0,150.0,15619.0,20588.0,1374151,5682575
2026-07-13_19-02-40,5.0,109.0,106.0,18.0,1841.0,0.0,147.0,16649.0,1310.0,1378812,5701172
2026-07-13_19-02-57,3.0,213.0,64.0,18.0,1542.0,0.0,149.0,17727.0,24259.0,1382682,5717377
2026-07-13_19-03-14,2.0,181.0,64.0,18.0,1523.0,0.0,149.0,18668.0,25052.0,1386551,5732633
2026-07-13_19-03-30,4.0,108.0,102.0,18.0,1556.0,0.0,151.0,19541.0,6324.0,1389807,5745382
2026-07-13_19-03-47,5.0,112.0,105.0,18.0,1550.0,0.0,151.0,20401.0,15458.0,1393357,5759050
2026-07-13_19-04-03,5.0,107.0,107.0,18.0,1520.0,0.0,155.0,21344.0,14342.0,1396807,5772643
2026-07-13_19-04-19,2.0,173.0,60.0,18.0,1522.0,0.0,159.0,22177.0,42406.0,1400101,5784395
2026-07-13_19-04-35,5.0,108.0,108.0,18.0,1649.0,0.0,162.0,23093.0,106411.0,1403330,5797271
2026-07-13_19-04-52,4.0,115.0,93.0,18.0,1708.0,0.0,162.0,23945.0,4681.0,1406625,5810099
2026-07-13_19-05-08,8.0,178.0,178.0,18.0,1605.0,0.0,157.0,24872.0,10486.0,1410018,5822632
2026-07-13_19-05-24,4.0,109.0,100.0,18.0,1727.0,0.0,157.0,26107.0,17125.0,1413756,5836170
2026-07-13_19-05-41,4.0,109.0,103.0,18.0,1818.0,0.0,153.0,27206.0,29498.0,1417574,5850043
2026-07-13_19-05-57,4.0,147.0,99.0,18.0,1724.0,0.0,150.0,28563.0,11862.0,1421418,5864157
2026-07-13_19-06-14,12.0,264.0,264.0,18.0,1910.0,0.0,151.0,29657.0,10994.0,1425341,5879718
2026-07-13_19-06-31,4.0,159.0,103.0,18.0,2028.0,0.0,155.0,30872.0,29959.0,1428954,5895422
2026-07-13_19-06-48,4.0,115.0,87.0,18.0,2058.0,0.0,162.0,32344.0,17463.0,1433342,5911776
2026-07-13_19-07-04,5.0,107.0,107.0,18.0,1840.0,0.0,158.0,33499.0,12918.0,1437039,5924780
2026-07-13_19-07-21,5.0,258.0,122.0,18.0,2305.0,0.0,168.0,34816.0,38.0,1441143,5938433
2026-07-13_19-07-37,4.0,156.0,100.0,18.0,1819.0,0.0,165.0,36066.0,3100.0,1445224,5954596
2026-07-13_19-07-54,4.0,109.0,102.0,18.0,1806.0,0.0,164.0,37362.0,17037.0,1449114,5969491
2026-07-13_19-08-10,5.0,142.0,106.0,17.0,1692.0,0.0,146.0,38482.0,2891.0,1452682,5982673
2026-07-13_19-08-27,5.0,115.0,115.0,17.0,1717.0,0.0,142.0,39680.0,6309.0,1456249,5996600
2026-07-13_19-08-43,8.0,205.0,173.0,17.0,2099.0,0.0,145.0,40873.0,10292.0,1459813,6011384
2026-07-13_19-09-00,4.0,187.0,95.0,17.0,2216.0,0.0,142.0,42031.0,562.0,1463906,6027267
2026-07-13_19-09-17,18.0,381.0,381.0,17.0,1908.0,0.0,142.0,43796.0,5.0,1468385,6042606
2026-07-13_19-09-33,5.0,282.0,105.0,17.0,1774.0,0.0,140.0,45013.0,10369.0,1472531,6057219
2026-07-13_19-09-50,4.0,112.0,96.0,17.0,1578.0,0.0,136.0,46221.0,806.0,1476812,6073869
2026-07-13_19-10-06,4.0,110.0,102.0,17.0,2679.0,0.0,136.0,47464.0,18505.0,1481248,6092028
2026-07-13_19-10-23,4.0,133.0,89.0,17.0,2664.0,0.0,132.0,48603.0,9482.0,1485221,6105189
2026-07-13_19-10-39,4.0,142.0,92.0,17.0,2714.0,0.0,134.0,8048.0,7117.0,1489527,6120933
2026-07-13_19-10-56,4.0,125.0,88.0,17.0,2738.0,0.0,134.0,9288.0,774.0,1493969,6136572
2026-07-13_19-11-13,5.0,189.0,107.0,17.0,2652.0,0.0,133.0,10481.0,25087.0,1498412,6150965
2026-07-13_19-11-29,4.0,117.0,102.0,17.0,2632.0,0.0,130.0,11607.0,36022.0,1502729,6164416
2026-07-13_19-11-46,4.0,114.0,103.0,17.0,2626.0,0.0,130.0,12736.0,1201.0,1507039,6179169
2026-07-13_19-12-02,4.0,178.0,98.0,17.0,2621.0,0.0,130.0,13895.0,9318.0,1511306,6194472
2026-07-13_19-12-19,4.0,109.0,102.0,17.0,2615.0,0.0,130.0,15036.0,16564.0,1515734,6208280
2026-07-13_19-12-36,4.0,123.0,89.0,17.0,2650.0,0.0,133.0,16181.0,314.0,1520554,6224323
2026-07-13_19-12-52,4.0,169.0,101.0,17.0,2658.0,0.0,137.0,17433.0,2563.0,1525218,6238888
2026-07-13_19-13-09,8.0,170.0,170.0,17.0,2939.0,0.0,141.0,7709.0,2247.0,1529564,6257225
2026-07-13_19-13-25,9.0,285.0,195.0,17.0,1564.0,0.0,137.0,8709.0,11680.0,1534154,6279504
2026-07-13_19-13-42,4.0,184.0,102.0,17.0,1506.0,0.0,133.0,9850.0,3527.0,1538454,6297711
2026-07-13_19-13-58,3.0,200.0,80.0,17.0,1507.0,0.0,133.0,10894.0,212798.0,1542399,6311731
2026-07-13_19-14-15,4.0,117.0,98.0,17.0,1748.0,0.0,137.0,11960.0,41689.0,1546601,6328208
2026-07-13_19-14-31,5.0,114.0,114.0,17.0,1684.0,0.0,140.0,13088.0,4557.0,1550951,6343735
2026-07-13_19-14-48,5.0,167.0,113.0,17.0,1314.0,0.0,135.0,14073.0,23181.0,1554995,6359117
2026-07-13_19-15-05,4.0,141.0,93.0,16.0,1657.0,0.0,129.0,15172.0,263315.0,1558802,6374523
2026-07-13_19-15-22,4.0,181.0,83.0,16.0,1426.0,0.0,132.0,16263.0,10664.0,1562507,6387356
2026-07-13_19-15-38,6.0,125.0,125.0,16.0,1436.0,0.0,119.0,17251.0,224689.0,1565879,6401065
2026-07-13_19-15-55,32.0,664.0,664.0,17.0,1657.0,0.0,131.0,18423.0,18741.0,1569216,6414393
2026-07-13_19-16-12,7.0,148.0,148.0,17.0,1376.0,0.0,125.0,19524.0,44762.0,1572949,6430728
2026-07-13_19-16-29,4.0,125.0,97.0,18.0,1507.0,0.0,116.0,20753.0,496.0,1577260,6449013
2026-07-13_19-16-46,4.0,206.0,101.0,18.0,1247.0,0.0,122.0,22055.0,30247.0,1580859,6470926
2026-07-13_19-17-03,4.0,116.0,98.0,18.0,1210.0,0.0,125.0,23158.0,5927.0,1584663,6491013
2026-07-13_19-17-20,24.0,504.0,504.0,18.0,1406.0,0.0,122.0,24154.0,5.0,1588557,6509234
2026-07-13_19-17-37,25.0,513.0,513.0,19.0,1549.0,0.0,136.0,25297.0,61979.0,1592005,6527949
2026-07-13_19-17-54,4.0,107.0,97.0,19.0,1566.0,0.0,138.0,26537.0,13626.0,1595622,6546408
2026-07-13_19-18-11,3.0,225.0,81.0,19.0,1732.0,0.0,135.0,27741.0,118.0,1599695,6567700
2026-07-13_19-18-29,4.0,192.0,97.0,19.0,1665.0,0.0,134.0,29062.0,13821.0,1603547,6587688
2026-07-13_19-18-46,5.0,174.0,114.0,19.0,1441.0,0.0,128.0,30215.0,3457.0,1607382,6607642
2026-07-13_19-19-03,5.0,111.0,111.0,19.0,1581.0,0.0,132.0,31350.0,34746.0,1611757,6630438
2026-07-13_19-19-19,5.0,109.0,107.0,19.0,1512.0,0.0,128.0,32298.0,947.0,1615844,6648159
2026-07-13_19-19-37,9.0,198.0,198.0,19.0,1817.0,0.0,131.0,33527.0,10.0,1619459,6665283
2026-07-13_19-19-53,31.0,627.0,627.0,19.0,1571.0,0.0,131.0,34603.0,22633.0,1623386,6681628
2026-07-13_19-20-11,4.0,111.0,100.0,19.0,1630.0,0.0,131.0,35880.0,382.0,1628172,6697693
2026-07-13_19-20-28,5.0,119.0,119.0,19.0,1598.0,0.0,134.0,37434.0,1327.0,1632106,6716305
2026-07-13_19-20-45,4.0,122.0,98.0,19.0,1831.0,0.0,136.0,38558.0,35862.0,1636288,6738978
2026-07-13_19-21-01,41.0,829.0,829.0,19.0,1822.0,0.0,136.0,39575.0,26792.0,1640309,6753208
2026-07-13_19-21-18,4.0,185.0,103.0,19.0,1572.0,0.0,139.0,40602.0,16770.0,1644209,6768338
2026-07-13_19-21-35,5.0,111.0,111.0,19.0,1638.0,0.0,139.0,41752.0,156.0,1647996,6785336
2026-07-13_19-21-52,4.0,772.0,98.0,19.0,1426.0,0.0,136.0,42828.0,1632.0,1651638,6802580
2026-07-13_19-22-09,4.0,404.0,101.0,19.0,1560.0,0.0,143.0,44226.0,3944.0,1655410,6818245
2026-07-13_19-22-27,5.0,168.0,105.0,19.0,1927.0,0.0,151.0,45839.0,14515.0,1659293,6833947
2026-07-13_19-22-44,25.0,517.0,517.0,19.0,1916.0,0.0,146.0,47003.0,16941.0,1662893,6847758
2026-07-13_19-23-01,4.0,108.0,99.0,19.0,1904.0,0.0,145.0,48312.0,2153.0,1666366,6861688
2026-07-13_19-23-18,10.0,210.0,209.0,19.0,1940.0,0.0,148.0,7730.0,1364.0,1669689,6875628
2026-07-13_19-23-35,4.0,180.0,93.0,19.0,1955.0,0.0,150.0,9009.0,748.0,1673220,6889994
2026-07-13_19-23-52,4.0,235.0,100.0,19.0,1711.0,0.0,146.0,10347.0,136.0,1677550,6908283
2026-07-13_19-24-09,4.0,110.0,94.0,19.0,1726.0,0.0,149.0,11588.0,1676.0,1681895,6928320
2026-07-13_19-24-27,3.0,414.0,78.0,19.0,1386.0,0.0,139.0,12605.0,29203.0,1686112,6950996
2026-07-13_19-24-43,4.0,114.0,102.0,19.0,1257.0,0.0,139.0,13499.0,2988.0,1690043,6967213
2026-07-13_19-25-00,4.0,165.0,96.0,19.0,1079.0,0.0,138.0,14443.0,7488.0,1694236,6983803
2026-07-13_19-25-17,9.0,245.0,196.0,19.0,1068.0,0.0,139.0,15275.0,84.0,1698266,6998566
2026-07-13_19-25-33,4.0,186.0,95.0,19.0,1095.0,0.0,146.0,16231.0,1453.0,1702102,7012732
2026-07-13_19-25-50,4.0,123.0,85.0,19.0,1078.0,0.0,143.0,17051.0,6232.0,1706105,7027266
2026-07-13_19-26-07,4.0,109.0,97.0,18.0,1081.0,0.0,143.0,18031.0,2054.0,1710336,7045240
2026-07-13_19-26-24,4.0,107.0,89.0,18.0,1116.0,0.0,140.0,18899.0,76907.0,1714262,7059801
2026-07-13_19-26-41,4.0,110.0,99.0,18.0,1109.0,0.0,143.0,19637.0,7281.0,1718328,7073189
2026-07-13_19-26-57,4.0,112.0,98.0,18.0,1099.0,0.0,143.0,20405.0,7995.0,1722247,7086953
2026-07-13_19-27-14,4.0,111.0,99.0,18.0,990.0,0.0,143.0,21367.0,13043.0,1725803,7100102
2026-07-13_19-27-31,4.0,113.0,100.0,18.0,1010.0,0.0,143.0,22775.0,14904.0,1729544,7113167
2026-07-13_19-27-48,5.0,115.0,106.0,18.0,1006.0,0.0,143.0,23922.0,3204.0,1733094,7125818
2026-07-13_19-28-04,5.0,171.0,105.0,18.0,981.0,0.0,139.0,25111.0,209.0,1737067,7137684
2026-07-13_19-28-21,4.0,192.0,101.0,18.0,978.0,0.0,143.0,26287.0,5166.0,1740846,7150313
2026-07-13_19-28-38,4.0,107.0,102.0,18.0,1064.0,0.0,147.0,27076.0,2526.0,1743789,7161593
2026-07-13_19-28-54,4.0,179.0,87.0,18.0,1061.0,0.0,143.0,27772.0,4781.0,1746762,7172876
2026-07-13_19-29-11,5.0,105.0,104.0,18.0,1061.0,0.0,146.0,28546.0,5443.0,1749361,7182950
2026-07-13_19-29-27,4.0,125.0,98.0,18.0,1075.0,0.0,149.0,29320.0,3357.0,1752350,7194495
2026-07-13_19-29-44,2.0,187.0,59.0,17.0,1066.0,0.0,140.0,30121.0,4134.0,1755145,7205608
2026-07-13_19-30-01,4.0,113.0,100.0,17.0,1094.0,0.0,142.0,30844.0,4330.0,1757623,7215423
2026-07-13_19-30-18,9.0,201.0,201.0,17.0,1093.0,0.0,141.0,32631.0,6607.0,1760537,7225147
2026-07-13_19-30-35,4.0,197.0,94.0,17.0,1095.0,0.0,141.0,34328.0,18018.0,1764091,7238414
2026-07-13_19-30-52,9.0,195.0,195.0,17.0,1073.0,0.0,143.0,35152.0,16750.0,1767646,7252816
2026-07-13_19-31-08,4.0,113.0,103.0,17.0,1124.0,0.0,146.0,35913.0,58514.0,1770776,7265761
2026-07-13_19-31-25,4.0,188.0,91.0,17.0,1161.0,0.0,148.0,36729.0,70142.0,1773850,7278360
2026-07-13_19-31-42,4.0,161.0,103.0,17.0,1158.0,0.0,144.0,37440.0,3822.0,1777528,7292272
2026-07-13_19-31-58,4.0,105.0,100.0,17.0,1138.0,0.0,141.0,38046.0,12214.0,1780971,7304065
2026-07-13_19-32-14,5.0,172.0,105.0,17.0,1139.0,0.0,141.0,38629.0,91093.0,1784208,7315850
2026-07-13_19-32-31,5.0,117.0,105.0,17.0,1190.0,0.0,147.0,39338.0,960.0,1787456,7327749
2026-07-13_19-32-48,5.0,285.0,105.0,17.0,1144.0,0.0,142.0,40047.0,14909.0,1790889,7340177
2026-07-13_19-33-05,10.0,214.0,214.0,17.0,1172.0,0.0,144.0,41079.0,25.0,1794384,7354075
2026-07-13_19-33-22,9.0,197.0,197.0,17.0,1124.0,0.0,145.0,42486.0,21156.0,1797782,7366291
2026-07-13_19-33-39,5.0,123.0,123.0,17.0,1036.0,0.0,143.0,43620.0,5074.0,1801466,7380104
2026-07-13_19-33-55,1.0,211.0,31.0,17.0,979.0,0.0,139.0,45011.0,25722.0,1805263,7395718
2026-07-13_19-34-12,4.0,196.0,94.0,17.0,913.0,0.0,139.0,45835.0,57342.0,1808505,7409546
2026-07-13_19-34-29,4.0,118.0,101.0,17.0,885.0,0.0,138.0,46403.0,8635.0,1811806,7421988
2026-07-13_19-34-45,5.0,106.0,106.0,17.0,942.0,0.0,142.0,47057.0,602.0,1814946,7432509
2026-07-13_19-35-02,51.0,1033.0,1033.0,17.0,941.0,0.0,144.0,47846.0,8550.0,1817935,7447621
2026-07-13_19-35-19,5.0,163.0,105.0,17.0,971.0,0.0,138.0,48511.0,3903.0,1821046,7459537
2026-07-13_19-35-36,5.0,128.0,107.0,17.0,1286.0,0.0,152.0,8187.0,6458.0,1824101,7472567
2026-07-13_19-35-53,4.0,106.0,94.0,18.0,1479.0,0.0,164.0,8734.0,1804.0,1827109,7486137
2026-07-13_19-36-10,5.0,107.0,104.0,18.0,1515.0,0.0,164.0,9393.0,4656.0,1829940,7497144
2026-07-13_19-36-27,4.0,106.0,98.0,18.0,1476.0,0.0,163.0,10093.0,338.0,1832987,7508860
2026-07-13_19-36-44,39.0,797.0,797.0,19.0,1356.0,0.0,174.0,11247.0,75677.0,1836158,7523264
2026-07-13_19-37-01,1.0,187.0,37.0,19.0,1324.0,0.0,169.0,12018.0,69740.0,1839340,7536421
2026-07-13_19-37-18,4.0,108.0,97.0,19.0,1493.0,0.0,169.0,12723.0,13353.0,1842214,7554718
2026-07-13_19-37-35,5.0,116.0,107.0,19.0,1585.0,0.0,173.0,13604.0,7458.0,1845478,7568404
2026-07-13_19-37-52,39.0,788.0,788.0,20.0,1639.0,0.0,177.0,14638.0,59815.0,1848762,7582338
2026-07-13_19-38-09,6.0,247.0,136.0,20.0,1639.0,0.0,179.0,15686.0,40315.0,1852497,7598770
2026-07-13_19-38-27,5.0,123.0,123.0,20.0,1663.0,0.0,181.0,16659.0,5387.0,1856734,7616340
2026-07-13_19-38-44,4.0,183.0,101.0,20.0,1652.0,0.0,174.0,17689.0,6804.0,1860149,7632014
2026-07-13_19-39-02,3.0,248.0,63.0,20.0,1400.0,0.0,180.0,18884.0,37374.0,1863941,7646634
2026-07-13_19-39-19,3.0,173.0,70.0,20.0,1396.0,0.0,176.0,19912.0,53281.0,1867722,7662965
2026-07-13_19-39-36,4.0,117.0,97.0,20.0,1086.0,0.0,166.0,20879.0,67376.0,1871384,7679184
2026-07-13_19-39-53,4.0,190.0,98.0,20.0,1077.0,0.0,170.0,21797.0,8185.0,1875484,7694605
2026-07-13_19-40-10,4.0,135.0,102.0,20.0,1097.0,0.0,166.0,22678.0,8441.0,1880010,7710504
2026-07-13_19-40-28,5.0,109.0,107.0,20.0,1071.0,0.0,163.0,23385.0,1626.0,1884182,7725303
2026-07-13_19-40-45,4.0,107.0,103.0,20.0,1059.0,0.0,162.0,24119.0,3776.0,1888153,7740225
2026-07-13_19-41-02,2.0,228.0,41.0,20.0,1151.0,0.0,169.0,24947.0,9628.0,1892272,7757849
2026-07-13_19-41-19,5.0,118.0,114.0,20.0,1022.0,0.0,165.0,25541.0,2301.0,1896052,7772606
2026-07-13_19-41-36,4.0,108.0,103.0,20.0,1072.0,0.0,174.0,26317.0,3211.0,1900126,7788314
2026-07-13_19-41-53,4.0,178.0,97.0,20.0,1235.0,0.0,175.0,27030.0,1698.0,1903966,7803610
2026-07-13_19-42-10,5.0,117.0,117.0,20.0,1071.0,0.0,172.0,27762.0,4014.0,1907997,7819526
2026-07-13_19-42-27,5.0,190.0,107.0,20.0,1189.0,0.0,168.0,28456.0,16856.0,1912431,7837233
2026-07-13_19-42-44,9.0,198.0,198.0,20.0,1190.0,0.0,175.0,29219.0,23971.0,1916577,7854065
2026-07-13_19-43-01,2.0,161.0,49.0,20.0,1187.0,0.0,174.0,30033.0,14197.0,1921046,7870431
2026-07-13_19-43-18,5.0,371.0,104.0,20.0,1268.0,0.0,177.0,30756.0,37853.0,1925249,7885910
2026-07-13_19-43-35,27.0,557.0,557.0,20.0,1297.0,0.0,179.0,31492.0,26068.0,1929330,7901439
2026-07-13_19-43-52,4.0,110.0,102.0,20.0,1260.0,0.0,169.0,32195.0,13171.0,1933726,7919127
2026-07-13_19-44-09,4.0,110.0,103.0,21.0,1341.0,0.0,178.0,33042.0,61404.0,1938155,7941377
2026-07-13_19-44-26,5.0,107.0,107.0,21.0,1278.0,0.0,178.0,33806.0,29995.0,1942526,7959916
2026-07-13_19-44-43,4.0,114.0,103.0,21.0,1295.0,0.0,179.0,34537.0,30220.0,1946897,7977156
2026-07-13_19-45-00,4.0,107.0,95.0,21.0,1265.0,0.0,177.0,35213.0,4550.0,1951143,7993221
2026-07-13_19-45-16,5.0,110.0,110.0,21.0,1414.0,0.0,176.0,35947.0,944.0,1955465,8010341
2026-07-13_19-45-34,4.0,216.0,102.0,22.0,1424.0,0.0,177.0,36645.0,43665.0,1959839,8027566
2026-07-13_19-45-51,4.0,108.0,95.0,22.0,1419.0,0.0,177.0,37367.0,2086.0,1964054,8044201
2026-07-13_19-46-08,4.0,112.0,100.0,22.0,1420.0,0.0,179.0,38105.0,55011.0,1968229,8061555
2026-07-13_19-46-25,4.0,158.0,98.0,22.0,1536.0,0.0,189.0,39034.0,614.0,1972426,8079872
2026-07-13_19-46-42,5.0,107.0,106.0,22.0,1534.0,0.0,189.0,39787.0,17881.0,1975941,8095582
2026-07-13_19-46-59,4.0,105.0,101.0,22.0,1534.0,0.0,189.0,40527.0,1266.0,1979464,8111040
2026-07-13_19-47-16,4.0,195.0,100.0,22.0,1524.0,0.0,192.0,41391.0,4122.0,1983329,8126823
2026-07-13_19-47-33,4.0,103.0,101.0,22.0,1484.0,0.0,188.0,42307.0,1621.0,1987570,8144634
2026-07-13_19-47-50,4.0,147.0,96.0,22.0,1566.0,0.0,190.0,43224.0,975.0,1991965,8162836
2026-07-13_19-48-08,7.0,247.0,147.0,22.0,1617.0,0.0,200.0,44249.0,1056.0,1996535,8181681
2026-07-13_19-48-25,4.0,114.0,99.0,22.0,1635.0,0.0,199.0,45336.0,8033.0,2001198,8201289
2026-07-13_19-48-43,4.0,188.0,100.0,22.0,1696.0,0.0,207.0,46571.0,1918.0,2005851,8221280
2026-07-13_19-49-01,3.0,192.0,80.0,22.0,1566.0,0.0,192.0,47636.0,676.0,2010470,8241070
2026-07-13_19-49-18,5.0,202.0,105.0,22.0,1556.0,0.0,198.0,48687.0,1177.0,2015005,8260141
2026-07-13_19-49-36,5.0,188.0,106.0,22.0,1435.0,0.0,193.0,8149.0,17040.0,2018987,8277548
2026-07-13_19-49-53,5.0,118.0,118.0,22.0,1454.0,0.0,196.0,9439.0,223.0,2023196,8296435
2026-07-13_19-50-10,2.0,186.0,53.0,22.0,1466.0,0.0,198.0,10401.0,5048.0,2027249,8311569
2026-07-13_19-50-27,5.0,198.0,111.0,22.0,1418.0,0.0,185.0,11234.0,235.0,2031232,8327414
2026-07-13_19-50-45,4.0,109.0,100.0,22.0,1416.0,0.0,194.0,12165.0,3216.0,2034635,8342040
2026-07-13_19-51-02,5.0,109.0,108.0,22.0,1433.0,0.0,194.0,13086.0,27436.0,2037992,8357643
2026-07-13_19-51-19,4.0,105.0,95.0,22.0,1282.0,0.0,184.0,13956.0,935.0,2041547,8373007
2026-07-13_19-51-37,9.0,197.0,197.0,22.0,1284.0,0.0,188.0,14933.0,7064.0,2045068,8387665
2026-07-13_19-51-54,4.0,112.0,102.0,22.0,1306.0,0.0,180.0,15919.0,9615.0,2048575,8401562
2026-07-13_19-52-11,4.0,105.0,101.0,22.0,1293.0,0.0,184.0,16951.0,296.0,2052167,8416744
2026-07-13_19-52-28,4.0,116.0,99.0,22.0,1290.0,0.0,182.0,17911.0,1611.0,2055805,8431710
2026-07-13_19-52-45,5.0,195.0,123.0,22.0,1289.0,0.0,182.0,18790.0,722.0,2059351,8446298
2026-07-13_19-53-03,5.0,108.0,108.0,23.0,1289.0,0.0,182.0,19662.0,275842.0,2062664,8461175
2026-07-13_19-53-20,5.0,110.0,110.0,23.0,1240.0,0.0,182.0,20579.0,164.0,2066273,8477672
2026-07-13_19-53-37,4.0,379.0,93.0,23.0,1151.0,0.0,179.0,21793.0,6260.0,2069781,8495419
2026-07-13_19-53-55,4.0,107.0,103.0,23.0,1173.0,0.0,186.0,22800.0,839.0,2073174,8510780
2026-07-13_19-54-12,9.0,193.0,193.0,23.0,1148.0,0.0,185.0,23567.0,0.0,2076553,8527914
2026-07-13_19-54-29,4.0,107.0,99.0,23.0,1132.0,0.0,186.0,24521.0,12035.0,2079893,8543019
2026-07-13_19-54-46,5.0,106.0,104.0,23.0,1149.0,0.0,182.0,25167.0,1058.0,2083211,8558031
2026-07-13_19-55-03,4.0,111.0,95.0,23.0,1146.0,0.0,182.0,25750.0,1091.0,2086603,8573031
2026-07-13_19-55-20,5.0,110.0,110.0,23.0,1144.0,0.0,182.0,26357.0,1315.0,2089971,8588486
2026-07-13_19-55-37,4.0,111.0,103.0,23.0,1154.0,0.0,186.0,27030.0,386.0,2093184,8602724
2026-07-13_19-55-54,5.0,113.0,106.0,23.0,1137.0,0.0,183.0,27613.0,87552.0,2096422,8618058
2026-07-13_19-56-11,4.0,206.0,101.0,23.0,1231.0,0.0,186.0,28265.0,3271.0,2099369,8632264
2026-07-13_19-56-28,4.0,163.0,99.0,23.0,1231.0,0.0,186.0,28852.0,1543.0,2102578,8647075
2026-07-13_19-56-45,4.0,108.0,101.0,23.0,1231.0,0.0,186.0,29429.0,12402.0,2105558,8661275
2026-07-13_19-57-02,4.0,186.0,101.0,23.0,1142.0,0.0,184.0,30096.0,2151.0,2108747,8675873
2026-07-13_19-57-19,4.0,201.0,101.0,23.0,1150.0,0.0,187.0,8313.0,1065.0,2112689,8691492
2026-07-13_19-57-36,5.0,209.0,106.0,23.0,1144.0,0.0,180.0,9024.0,8566.0,2116647,8707213
2026-07-13_19-57-53,4.0,139.0,100.0,23.0,1144.0,0.0,183.0,9739.0,988.0,2120256,8722646
2026-07-13_19-58-10,4.0,108.0,102.0,23.0,1177.0,0.0,186.0,10399.0,20293.0,2124041,8737880
2026-07-13_19-58-28,4.0,109.0,101.0,23.0,1177.0,0.0,187.0,11406.0,3980.0,2128059,8755071
2026-07-13_19-58-45,4.0,108.0,102.0,23.0,1179.0,0.0,204.0,12461.0,2990.0,2131892,8770829
2026-07-13_19-59-03,13.0,268.0,268.0,23.0,1178.0,0.0,193.0,13157.0,26.0,2135892,8786974
2026-07-13_19-59-20,4.0,109.0,96.0,23.0,1175.0,0.0,190.0,13904.0,765.0,2139681,8802060
2026-07-13_19-59-37,5.0,111.0,111.0,23.0,1172.0,0.0,186.0,14642.0,2270.0,2143288,8818005
2026-07-13_19-59-54,9.0,186.0,186.0,23.0,1230.0,0.0,192.0,15541.0,29990.0,2147329,8836052
2026-07-13_20-00-12,5.0,119.0,119.0,23.0,1267.0,0.0,193.0,16536.0,9504.0,2151440,8854794
2026-07-13_20-00-30,5.0,121.0,110.0,23.0,1275.0,0.0,203.0,17593.0,1240.0,2155230,8872182
2026-07-13_20-00-48,5.0,149.0,109.0,23.0,1258.0,0.0,197.0,18475.0,45275.0,2158963,8887397
2026-07-13_20-01-06,12.0,263.0,263.0,23.0,1236.0,0.0,200.0,19365.0,2208.0,2162909,8905322
2026-07-13_20-01-24,8.0,164.0,164.0,24.0,1284.0,0.0,204.0,20497.0,7308.0,2166803,8922792
2026-07-13_20-01-41,5.0,237.0,104.0,24.0,1250.0,0.0,197.0,21439.0,26336.0,2170600,8939687
2026-07-13_20-01-59,9.0,193.0,185.0,25.0,1262.0,0.0,211.0,22611.0,17373.0,2174842,8959414
2026-07-13_20-02-17,5.0,117.0,117.0,25.0,1275.0,0.0,208.0,23597.0,36336.0,2179816,8978772
2026-07-13_20-02-35,1.0,256.0,45.0,24.0,1249.0,0.0,202.0,24618.0,10211.0,2184613,8997784
2026-07-13_20-02-53,5.0,197.0,103.0,24.0,1249.0,0.0,201.0,25365.0,7832.0,2188806,9015974
2026-07-13_20-03-10,6.0,145.0,123.0,24.0,1211.0,0.0,186.0,26128.0,13075.0,2193528,9036026
2026-07-13_20-03-28,4.0,178.0,98.0,24.0,1254.0,0.0,193.0,27170.0,7826.0,2198395,9056721
2026-07-13_20-03-46,4.0,144.0,85.0,24.0,1254.0,0.0,190.0,28020.0,5215.0,2203687,9075737
2026-07-13_20-04-04,3.0,197.0,75.0,24.0,1253.0,0.0,189.0,29026.0,12174.0,2208356,9097653
2026-07-13_20-04-21,7.0,187.0,148.0,24.0,1247.0,0.0,181.0,29846.0,14798.0,2212934,9117474
2026-07-13_20-04-39,4.0,111.0,102.0,24.0,1356.0,0.0,192.0,30727.0,5980.0,2217707,9138360
2026-07-13_20-04-56,5.0,212.0,105.0,24.0,1356.0,0.0,193.0,31505.0,11218.0,2222196,9158231
2026-07-13_20-05-14,4.0,204.0,99.0,23.0,1422.0,0.0,196.0,32264.0,96601.0,2226536,9176794
2026-07-13_20-05-31,4.0,104.0,92.0,23.0,1422.0,0.0,196.0,32998.0,1518.0,2231437,9194821
2026-07-13_20-05-48,5.0,104.0,104.0,23.0,1397.0,0.0,197.0,33757.0,15140.0,2237331,9214678
2026-07-13_20-06-06,8.0,192.0,181.0,23.0,1364.0,0.0,196.0,34498.0,711.0,2242733,9234742
2026-07-13_20-06-24,17.0,352.0,352.0,24.0,1341.0,0.0,194.0,35416.0,0.0,2249019,9259263
2026-07-13_20-06-41,5.0,107.0,105.0,24.0,1432.0,0.0,198.0,36249.0,13571.0,2255188,9282012
2026-07-13_20-06-59,4.0,107.0,98.0,24.0,1445.0,0.0,194.0,37201.0,1110.0,2261513,9304141
2026-07-13_20-07-17,4.0,109.0,99.0,24.0,1534.0,0.0,210.0,38197.0,38569.0,2267015,9324853
2026-07-13_20-07-34,2.0,214.0,49.0,24.0,1361.0,0.0,194.0,39074.0,3963.0,2272553,9347131
2026-07-13_20-07-52,1.0,172.0,44.0,23.0,1217.0,0.0,198.0,40126.0,36653.0,2278475,9371158
2026-07-13_20-08-10,4.0,113.0,87.0,23.0,1700.0,0.0,203.0,41085.0,22275.0,2284451,9398868
2026-07-13_20-08-28,4.0,115.0,97.0,23.0,1680.0,0.0,200.0,41867.0,89165.0,2290304,9422653
2026-07-13_20-08-46,3.0,205.0,76.0,23.0,1702.0,0.0,201.0,42794.0,27869.0,2296483,9445178
2026-07-13_20-09-03,1.0,187.0,48.0,23.0,1687.0,0.0,197.0,43601.0,89954.0,2302621,9465345
2026-07-13_20-09-20,4.0,107.0,99.0,23.0,1386.0,0.0,193.0,44413.0,19867.0,2307303,9484679
2026-07-13_20-09-38,9.0,187.0,187.0,23.0,1403.0,0.0,197.0,45371.0,75924.0,2313065,9504936
2026-07-13_20-09-56,4.0,198.0,95.0,23.0,1670.0,0.0,189.0,46393.0,5328.0,2319735,9530489
2026-07-13_20-10-14,39.0,798.0,798.0,23.0,1727.0,0.0,179.0,47540.0,69677.0,2326231,9555044
2026-07-13_20-10-32,5.0,175.0,105.0,23.0,1779.0,0.0,182.0,48687.0,16953.0,2332408,9579178
2026-07-13_20-10-50,4.0,104.0,103.0,23.0,1737.0,0.0,185.0,8340.0,21103.0,2338536,9601098
2026-07-13_20-11-07,1.0,240.0,46.0,23.0,1650.0,0.0,185.0,9409.0,267042.0,2344268,9622281
2026-07-13_20-11-25,5.0,113.0,113.0,23.0,1601.0,0.0,189.0,10328.0,19733.0,2349376,9643390
2026-07-13_20-11-43,5.0,110.0,106.0,23.0,1656.0,0.0,194.0,11702.0,6292.0,2355098,9663622
2026-07-13_20-12-01,5.0,107.0,107.0,23.0,1655.0,0.0,195.0,13065.0,60355.0,2360737,9682805
2026-07-13_20-12-19,4.0,197.0,103.0,23.0,1654.0,0.0,190.0,14417.0,28817.0,2365708,9703164
2026-07-13_20-12-37,2.0,172.0,51.0,23.0,1632.0,0.0,186.0,15476.0,86321.0,2370452,9722249
2026-07-13_20-12-55,5.0,116.0,110.0,23.0,1837.0,0.0,197.0,16632.0,25463.0,2375259,9742778
2026-07-13_20-13-13,5.0,209.0,106.0,23.0,1863.0,0.0,201.0,17857.0,37965.0,2379843,9760518
2026-07-13_20-13-31,5.0,170.0,115.0,23.0,1725.0,0.0,203.0,19115.0,8570.0,2384161,9778968
2026-07-13_20-13-49,2.0,268.0,60.0,23.0,1692.0,0.0,207.0,20237.0,108865.0,2388433,9796935
2026-07-13_20-14-07,5.0,110.0,105.0,23.0,1712.0,0.0,215.0,21380.0,27566.0,2392670,9815639
2026-07-13_20-14-25,2.0,263.0,45.0,23.0,1713.0,0.0,210.0,22372.0,3669.0,2396973,9833482
2026-07-13_20-14-42,5.0,111.0,111.0,23.0,1834.0,0.0,214.0,23362.0,27701.0,2401505,9852532
2026-07-13_20-15-00,5.0,208.0,120.0,23.0,1777.0,0.0,205.0,24396.0,2898.0,2405716,9870818
2026-07-13_20-15-18,4.0,211.0,103.0,23.0,1691.0,0.0,202.0,25792.0,953.0,2409935,9889410
2026-07-13_20-15-35,5.0,115.0,115.0,23.0,1625.0,0.0,202.0,27032.0,1557.0,2413408,9905734
2026-07-13_20-15-52,4.0,153.0,99.0,23.0,1625.0,0.0,202.0,28361.0,8197.0,2417256,9922090
2026-07-13_20-16-10,4.0,114.0,100.0,23.0,1623.0,0.0,202.0,29727.0,20169.0,2420896,9938309
2026-07-13_20-16-27,4.0,105.0,103.0,23.0,1620.0,0.0,202.0,31031.0,14019.0,2424566,9953716
2026-07-13_20-16-45,4.0,109.0,99.0,23.0,1617.0,0.0,202.0,32409.0,16658.0,2428278,9971274
2026-07-13_20-17-03,11.0,229.0,229.0,23.0,1644.0,0.0,202.0,33759.0,1009.0,2432184,9988093
2026-07-13_20-17-20,4.0,318.0,96.0,23.0,1618.0,0.0,206.0,35253.0,16470.0,2436830,10006647
2026-07-13_20-17-38,4.0,185.0,101.0,23.0,1600.0,0.0,206.0,36282.0,3912.0,2440914,10024066
2026-07-13_20-17-55,10.0,218.0,215.0,23.0,1584.0,0.0,199.0,37163.0,24792.0,2445577,10043687
2026-07-13_20-18-13,4.0,171.0,87.0,23.0,1510.0,0.0,198.0,38182.0,2098.0,2449886,10062413
2026-07-13_20-18-31,4.0,121.0,102.0,23.0,1464.0,0.0,197.0,39118.0,32861.0,2453902,10079275
2026-07-13_20-18-48,6.0,123.0,123.0,23.0,1393.0,0.0,190.0,8690.0,19022.0,2458079,10096549
2026-07-13_20-19-06,4.0,124.0,99.0,23.0,1341.0,0.0,190.0,9351.0,18017.0,2463402,10116942
2026-07-13_20-19-24,4.0,109.0,99.0,23.0,1355.0,0.0,193.0,10265.0,21567.0,2468423,10136324
2026-07-13_20-19-42,4.0,114.0,100.0,23.0,1330.0,0.0,190.0,11125.0,326.0,2473615,10155747
2026-07-13_20-19-59,8.0,175.0,175.0,23.0,1331.0,0.0,194.0,12014.0,21559.0,2478880,10174429
2026-07-13_20-20-17,4.0,164.0,99.0,23.0,1289.0,0.0,200.0,13098.0,27309.0,2484178,10195856
2026-07-13_20-20-34,4.0,109.0,98.0,23.0,1281.0,0.0,206.0,14583.0,16546.0,2489078,10215418
2026-07-13_20-20-52,8.0,183.0,183.0,23.0,1196.0,0.0,201.0,15577.0,34489.0,2494078,10234290
2026-07-13_20-21-10,4.0,125.0,98.0,22.0,1172.0,0.0,204.0,16768.0,566.0,2498478,10250826
2026-07-13_20-21-28,4.0,104.0,98.0,22.0,1230.0,0.0,210.0,17804.0,13938.0,2503173,10268346
2026-07-13_20-21-46,4.0,270.0,102.0,21.0,1355.0,0.0,200.0,18572.0,929.0,2507475,10286134
2026-07-13_20-22-03,4.0,105.0,103.0,21.0,1314.0,0.0,200.0,19407.0,16745.0,2511585,10302018
2026-07-13_20-22-21,5.0,201.0,105.0,21.0,1262.0,0.0,201.0,20296.0,1634.0,2515441,10317355
2026-07-13_20-22-39,5.0,117.0,105.0,21.0,1244.0,0.0,200.0,21011.0,1047.0,2519040,10332306
2026-07-13_20-22-57,4.0,114.0,98.0,21.0,1259.0,0.0,208.0,21892.0,1057.0,2522730,10346981
2026-07-13_20-23-14,5.0,197.0,110.0,22.0,1280.0,0.0,211.0,22686.0,80369.0,2527005,10362640
2026-07-13_20-23-32,5.0,174.0,105.0,22.0,1290.0,0.0,208.0,23402.0,733.0,2531312,10381046
2026-07-13_20-23-49,4.0,109.0,99.0,22.0,1341.0,0.0,211.0,24146.0,1862.0,2535703,10396809
2026-07-13_20-24-07,7.0,187.0,152.0,22.0,1345.0,0.0,203.0,24947.0,19248.0,2540043,10413208
2026-07-13_20-24-25,8.0,170.0,170.0,22.0,1321.0,0.0,203.0,25803.0,3604.0,2544756,10430659
2026-07-13_20-24-42,4.0,119.0,101.0,22.0,1304.0,0.0,203.0,26589.0,1703.0,2548328,10445397
2026-07-13_20-25-00,4.0,163.0,90.0,22.0,1320.0,0.0,210.0,27418.0,49382.0,2552055,10460641
2026-07-13_20-25-18,5.0,109.0,109.0,21.0,1319.0,0.0,207.0,28137.0,4406.0,2555713,10474800
2026-07-13_20-25-36,5.0,111.0,111.0,21.0,1319.0,0.0,214.0,29232.0,1594.0,2559451,10488470
2026-07-13_20-25-53,8.0,173.0,173.0,21.0,1303.0,0.0,209.0,30257.0,3462.0,2563400,10502925
2026-07-13_20-26-11,5.0,106.0,106.0,21.0,1304.0,0.0,216.0,31444.0,982.0,2567466,10517678
2026-07-13_20-26-29,4.0,110.0,100.0,21.0,1275.0,0.0,207.0,32822.0,19102.0,2572433,10541208
2026-07-13_20-26-47,1.0,199.0,43.0,21.0,1302.0,0.0,218.0,34340.0,29640.0,2576337,10556697
2026-07-13_20-27-04,4.0,103.0,103.0,21.0,1415.0,0.0,211.0,35630.0,17867.0,2580862,10573924
2026-07-13_20-27-22,9.0,251.0,185.0,21.0,1401.0,0.0,204.0,37394.0,54280.0,2585588,10591557
2026-07-13_20-27-40,7.0,291.0,144.0,21.0,1387.0,0.0,206.0,38835.0,29067.0,2590424,10608518
2026-07-13_20-27-58,2.0,281.0,60.0,21.0,1386.0,0.0,205.0,40466.0,17273.0,2594957,10623659
2026-07-13_20-28-16,5.0,153.0,121.0,21.0,1386.0,0.0,207.0,41760.0,5395.0,2599567,10638845
2026-07-13_20-28-34,4.0,198.0,97.0,20.0,1387.0,0.0,203.0,43415.0,1523.0,2604109,10655605
2026-07-13_20-28-52,5.0,187.0,106.0,20.0,1407.0,0.0,209.0,44973.0,23485.0,2608033,10670271
2026-07-13_20-29-11,3.0,152.0,68.0,20.0,1373.0,0.0,195.0,46628.0,185.0,2612169,10686339
2026-07-13_20-29-28,5.0,318.0,104.0,20.0,1369.0,0.0,187.0,47825.0,18129.0,2616255,10701199
2026-07-13_20-29-46,4.0,106.0,96.0,20.0,1292.0,0.0,183.0,48869.0,1181.0,2620399,10716931
2026-07-13_20-30-04,4.0,105.0,103.0,20.0,1298.0,0.0,180.0,8363.0,9596.0,2624599,10732360
2026-07-13_20-30-21,5.0,108.0,107.0,20.0,1314.0,0.0,184.0,9089.0,634.0,2629063,10750839
2026-07-13_20-30-39,4.0,102.0,97.0,20.0,1311.0,0.0,184.0,9730.0,20921.0,2633191,10766207
2026-07-13_20-30-56,5.0,119.0,104.0,20.0,1307.0,0.0,181.0,10341.0,7589.0,2637089,10782077
2026-07-13_20-31-14,4.0,114.0,99.0,20.0,1306.0,0.0,181.0,10926.0,19797.0,2640841,10796799
2026-07-13_20-31-31,5.0,105.0,104.0,20.0,1268.0,0.0,180.0,11544.0,2963.0,2644523,10810881
2026-07-13_20-31-49,5.0,127.0,107.0,20.0,1359.0,0.0,190.0,12320.0,6003.0,2648353,10827905
2026-07-13_20-32-06,4.0,110.0,101.0,20.0,1413.0,0.0,191.0,13035.0,12794.0,2651911,10842344
2026-07-13_20-32-24,20.0,404.0,404.0,20.0,1437.0,0.0,193.0,13784.0,45485.0,2655957,10858997
2026-07-13_20-32-42,1.0,194.0,44.0,20.0,1336.0,0.0,189.0,14816.0,173801.0,2660007,10875065
2026-07-13_20-32-59,5.0,110.0,106.0,20.0,1335.0,0.0,189.0,15458.0,219765.0,2663939,10890075
2026-07-13_20-33-16,5.0,110.0,109.0,20.0,1326.0,0.0,193.0,16166.0,3550.0,2667910,10905101
2026-07-13_20-33-34,4.0,117.0,102.0,20.0,1304.0,0.0,197.0,16848.0,3047.0,2671902,10919462
2026-07-13_20-33-51,38.0,767.0,767.0,20.0,1317.0,0.0,182.0,17597.0,0.0,2675734,10933349
2026-07-13_20-34-09,5.0,108.0,108.0,19.0,1290.0,0.0,165.0,18654.0,14124.0,2679086,10946395
2026-07-13_20-34-27,4.0,188.0,98.0,19.0,1317.0,0.0,166.0,20157.0,8939.0,2682461,10959806
2026-07-13_20-34-45,5.0,108.0,108.0,19.0,1368.0,0.0,168.0,21172.0,18205.0,2685958,10974065
2026-07-13_20-35-03,1.0,198.0,33.0,19.0,1329.0,0.0,166.0,22015.0,34026.0,2689534,10987788
2026-07-13_20-35-20,4.0,104.0,103.0,19.0,1252.0,0.0,162.0,23190.0,396.0,2693090,11001271
2026-07-13_20-35-38,5.0,114.0,112.0,19.0,1263.0,0.0,170.0,24385.0,483.0,2696480,11013752
2026-07-13_20-35-55,4.0,109.0,98.0,19.0,1262.0,0.0,170.0,25090.0,4861.0,2700199,11026754
2026-07-13_20-36-13,5.0,187.0,111.0,19.0,1422.0,0.0,172.0,25893.0,16276.0,2704024,11040880
2026-07-13_20-36-31,5.0,161.0,104.0,19.0,1307.0,0.0,172.0,26820.0,5242.0,2707999,11055304
2026-07-13_20-36-49,4.0,120.0,91.0,19.0,1240.0,0.0,173.0,27600.0,24873.0,2711670,11068842
2026-07-13_20-37-07,4.0,120.0,96.0,19.0,1238.0,0.0,173.0,28338.0,2373.0,2715228,11081667
2026-07-13_20-37-25,5.0,151.0,108.0,19.0,1228.0,0.0,170.0,29007.0,5145.0,2718978,11096026
2026-07-13_20-37-42,4.0,176.0,91.0,19.0,1236.0,0.0,162.0,29660.0,24757.0,2722766,11110214
2026-07-13_20-38-00,3.0,183.0,67.0,19.0,1343.0,0.0,162.0,30526.0,18176.0,2726558,11125545
2026-07-13_20-38-18,4.0,111.0,100.0,19.0,1259.0,0.0,159.0,31243.0,6260.0,2730093,11139552
2026-07-13_20-38-36,8.0,203.0,175.0,19.0,1286.0,0.0,170.0,32023.0,37.0,2733794,11152097
2026-07-13_20-38-53,5.0,191.0,105.0,19.0,1276.0,0.0,166.0,32661.0,28215.0,2737028,11164435
2026-07-13_20-39-10,5.0,134.0,114.0,19.0,1284.0,0.0,170.0,8134.0,3739.0,2740504,11177254
2026-07-13_20-39-28,5.0,184.0,104.0,19.0,1284.0,0.0,166.0,8638.0,17093.0,2743968,11190301
2026-07-13_20-39-46,5.0,202.0,104.0,19.0,1284.0,0.0,173.0,9363.0,34549.0,2747382,11203409
2026-07-13_20-40-03,4.0,110.0,94.0,19.0,1283.0,0.0,169.0,9974.0,48611.0,2750734,11216933
2026-07-13_20-40-21,4.0,106.0,101.0,19.0,1283.0,0.0,172.0,10695.0,2235.0,2754080,11229647
2026-07-13_20-40-38,44.0,895.0,895.0,17.0,1262.0,0.0,153.0,11314.0,0.0,2757187,11241474
2026-07-13_20-40-56,4.0,110.0,92.0,17.0,1242.0,0.0,147.0,11867.0,945.0,2760014,11252428
2026-07-13_20-41-13,4.0,106.0,98.0,17.0,1242.0,0.0,147.0,12431.0,361.0,2762774,11263619
2026-07-13_20-41-31,5.0,110.0,110.0,17.0,1242.0,0.0,150.0,13069.0,8503.0,2765945,11275444
2026-07-13_20-41-48,4.0,105.0,94.0,17.0,1189.0,0.0,144.0,13686.0,4734.0,2769852,11288090
2026-07-13_20-42-06,5.0,108.0,108.0,17.0,1189.0,0.0,147.0,14308.0,5665.0,2773938,11301466
2026-07-13_20-42-23,4.0,113.0,102.0,17.0,1178.0,0.0,150.0,15049.0,1172.0,2778610,11316744
2026-07-13_20-42-41,4.0,169.0,86.0,17.0,1088.0,0.0,147.0,15690.0,46138.0,2782523,11330775
2026-07-13_20-42-59,4.0,107.0,95.0,18.0,1260.0,0.0,155.0,17125.0,42175.0,2789284,11350436
2026-07-13_20-43-17,4.0,109.0,99.0,18.0,1253.0,0.0,156.0,18297.0,12883.0,2794225,11365371
2026-07-13_20-43-34,4.0,107.0,101.0,18.0,1252.0,0.0,153.0,19134.0,26783.0,2799171,11379778
2026-07-13_20-43-52,5.0,117.0,117.0,18.0,1262.0,0.0,156.0,20088.0,17515.0,2803682,11394098
2026-07-13_20-44-10,5.0,117.0,117.0,18.0,1305.0,0.0,161.0,21082.0,97317.0,2807927,11407576
2026-07-13_20-44-28,4.0,170.0,103.0,18.0,1550.0,0.0,174.0,22219.0,549.0,2813374,11424034
2026-07-13_20-44-46,5.0,188.0,120.0,18.0,1608.0,0.0,172.0,23297.0,12685.0,2818451,11439572
2026-07-13_20-45-04,5.0,106.0,106.0,18.0,1604.0,0.0,169.0,24433.0,36882.0,2823112,11453901
2026-07-13_20-45-22,4.0,140.0,92.0,18.0,1433.0,0.0,166.0,25440.0,29575.0,2827924,11470355
2026-07-13_20-45-40,4.0,190.0,95.0,18.0,1424.0,0.0,159.0,26375.0,57050.0,2833046,11485133
2026-07-13_20-45-58,4.0,109.0,88.0,18.0,1577.0,0.0,159.0,27422.0,10986.0,2838531,11501650
2026-07-13_20-46-16,5.0,108.0,108.0,18.0,1575.0,0.0,158.0,28521.0,3178.0,2843940,11519418
2026-07-13_20-46-34,7.0,165.0,147.0,18.0,1415.0,0.0,157.0,29563.0,30448.0,2849280,11536190
2026-07-13_20-46-52,5.0,277.0,112.0,18.0,1507.0,0.0,154.0,30693.0,3428.0,2854725,11552803
2026-07-13_20-47-11,4.0,159.0,93.0,18.0,1543.0,0.0,161.0,31964.0,1228.0,2860023,11570372
2026-07-13_20-47-29,3.0,208.0,75.0,18.0,1486.0,0.0,154.0,33088.0,3659.0,2865032,11586967
2026-07-13_20-47-48,5.0,191.0,123.0,18.0,1396.0,0.0,145.0,34162.0,10420.0,2870669,11603379
2026-07-13_20-48-06,3.0,180.0,81.0,18.0,1383.0,0.0,146.0,35206.0,4429.0,2875796,11618033
2026-07-13_20-48-24,4.0,110.0,101.0,18.0,1417.0,0.0,142.0,36438.0,35345.0,2880828,11633805
2026-07-13_20-48-43,3.0,184.0,82.0,18.0,1457.0,0.0,145.0,37478.0,27762.0,2885687,11649199
2026-07-13_20-49-01,21.0,434.0,434.0,18.0,1390.0,0.0,141.0,38633.0,93921.0,2890524,11664746
2026-07-13_20-49-20,5.0,165.0,104.0,18.0,1377.0,0.0,149.0,39883.0,36878.0,2895699,11680129
2026-07-13_20-49-38,12.0,263.0,263.0,18.0,1349.0,0.0,148.0,41014.0,37384.0,2901388,11695929
2026-07-13_20-49-56,19.0,398.0,398.0,18.0,1297.0,0.0,146.0,42152.0,129.0,2906724,11712473
2026-07-13_20-50-15,4.0,191.0,90.0,18.0,1288.0,0.0,142.0,43312.0,106565.0,2912470,11730986
2026-07-13_20-50-33,5.0,183.0,106.0,18.0,1285.0,0.0,141.0,44488.0,12127.0,2918015,11747379
2026-07-13_20-50-52,2.0,186.0,60.0,18.0,1289.0,0.0,132.0,45600.0,34756.0,2923705,11763831
2026-07-13_20-51-10,4.0,194.0,103.0,18.0,1290.0,0.0,134.0,46690.0,22034.0,2928488,11778729
2026-07-13_20-51-29,4.0,109.0,101.0,18.0,1266.0,0.0,132.0,47833.0,37.0,2932932,11793602
2026-07-13_20-51-47,4.0,181.0,100.0,18.0,1277.0,0.0,134.0,48901.0,15122.0,2937100,11807726
2026-07-13_20-52-05,4.0,110.0,101.0,18.0,1276.0,0.0,134.0,8506.0,6278.0,2941218,11822256
2026-07-13_20-52-23,5.0,150.0,107.0,18.0,1248.0,0.0,135.0,9464.0,2502.0,2945646,11838943
2026-07-13_20-52-41,5.0,132.0,105.0,18.0,1201.0,0.0,134.0,10418.0,113.0,2949998,11856152
2026-07-13_20-53-00,14.0,293.0,293.0,18.0,1170.0,0.0,141.0,11479.0,40786.0,2954352,11872264
2026-07-13_20-53-18,2.0,334.0,49.0,18.0,1227.0,0.0,138.0,12362.0,12059.0,2958842,11886996
2026-07-13_20-53-36,4.0,201.0,99.0,19.0,1241.0,0.0,141.0,13222.0,317948.0,2962947,11901551
2026-07-13_20-53-54,4.0,188.0,103.0,19.0,1213.0,0.0,141.0,14212.0,13252.0,2967160,11917292
2026-07-13_20-54-13,1.0,173.0,42.0,19.0,1216.0,0.0,141.0,15036.0,4036.0,2971264,11931751
2026-07-13_20-54-31,9.0,187.0,187.0,19.0,1215.0,0.0,144.0,15917.0,212011.0,2975880,11948695
2026-07-13_20-54-49,2.0,188.0,50.0,19.0,1215.0,0.0,144.0,16798.0,15806.0,2980761,11964895
2026-07-13_20-55-07,5.0,108.0,105.0,19.0,1209.0,0.0,141.0,17762.0,7331.0,2986229,11982733
2026-07-13_20-55-25,5.0,121.0,121.0,19.0,1180.0,0.0,141.0,18666.0,7452.0,2991517,11999433
2026-07-13_20-55-43,5.0,104.0,104.0,18.0,889.0,0.0,126.0,19551.0,26206.0,2995822,12014339
2026-07-13_20-56-02,1.0,176.0,40.0,17.0,867.0,0.0,124.0,20524.0,21201.0,3000258,12028382
2026-07-13_20-56-20,4.0,117.0,100.0,17.0,863.0,0.0,124.0,21430.0,1422.0,3005459,12044221
2026-07-13_20-56-38,56.0,1138.0,1138.0,16.0,938.0,0.0,110.0,22387.0,0.0,3010538,12060801
2026-07-13_20-56-56,10.0,214.0,214.0,16.0,965.0,0.0,115.0,23345.0,2845.0,3015249,12077943
2026-07-13_20-57-15,4.0,107.0,96.0,15.0,986.0,0.0,99.0,24335.0,11651.0,3019568,12092200
2026-07-13_20-57-33,4.0,105.0,101.0,15.0,955.0,0.0,95.0,25144.0,12665.0,3023693,12106271
2026-07-13_20-57-51,4.0,176.0,99.0,15.0,941.0,0.0,96.0,26057.0,862.0,3027892,12119563
2026-07-13_20-58-09,4.0,124.0,100.0,15.0,932.0,0.0,86.0,26872.0,821.0,3031878,12132646
2026-07-13_20-58-28,4.0,107.0,102.0,14.0,913.0,0.0,83.0,7925.0,508.0,3035342,12144559
2026-07-13_20-58-45,5.0,160.0,105.0,14.0,914.0,0.0,83.0,8663.0,4247.0,3038326,12154432
2026-07-13_20-59-03,7.0,144.0,144.0,11.0,893.0,0.0,75.0,9477.0,57.0,3041138,12163144
2026-07-13_20-59-21,7.0,146.0,146.0,9.0,894.0,0.0,72.0,10292.0,13655.0,3043024,12169000
2026-07-13_20-59-40,4.0,110.0,101.0,7.0,275.0,0.0,59.0,10840.0,4418.0,3043912,12175505
2026-07-13_20-59-58,4.0,103.0,102.0,5.0,235.0,0.0,38.0,11196.0,3618.0,3044268,12178013
2026-07-13_21-00-16,5.0,124.0,111.0,4.0,213.0,0.0,26.0,11303.0,163.0,3044319,12178323
2026-07-13_21-00-34,5.0,124.0,111.0,4.0,213.0,0.0,26.0,11303.0,163.0,3044319,12178323
2026-07-13_21-00-51,5.0,124.0,111.0,4.0,213.0,0.0,26.0,11303.0,163.0,3044319,12178323
2026-07-13_21-07-48,,,,,,,,,,0,0
2026-07-13_21-07-58,,,,,,,,,,0,0
2026-07-13_21-08-08,,,,,,,,,,0,0
2026-07-13_21-08-18,,,,,,,,,,0,0
2026-07-13_21-08-28,,,,,,,,,,0,0
2026-07-13_21-08-38,,,,,,,,,,0,0
2026-07-13_21-08-48,,,,,,,,,,0,0
2026-07-13_21-08-58,,,,,,,,,,0,0
2026-07-13_21-09-08,,,,,,,,,,0,0
2026-07-13_21-09-18,4.0,103.0,100.0,0.0,0.0,0.0,0.0,9443.0,0.0,9,1531
2026-07-13_21-09-28,4.0,102.0,99.0,0.0,0.0,0.0,0.0,9464.0,0.0,18,3067
2026-07-13_21-09-38,4.0,103.0,101.0,0.0,0.0,0.0,0.0,9487.0,142629.0,23,4076
2026-07-13_21-09-48,4.0,103.0,99.0,0.0,0.0,0.0,0.0,9493.0,0.0,27,4609
2026-07-13_21-09-58,4.0,102.0,101.0,0.0,0.0,0.0,0.0,9502.0,0.0,27,4618
2026-07-13_21-10-09,4.0,102.0,98.0,0.0,0.0,0.0,0.0,9523.0,212.0,38,6156
2026-07-13_21-10-19,4.0,103.0,100.0,0.0,0.0,0.0,0.0,9535.0,0.0,50,6196
2026-07-13_21-10-29,4.0,103.0,103.0,0.0,0.0,0.0,0.0,9602.0,123084.0,68,8761
2026-07-13_21-10-39,4.0,104.0,100.0,0.0,0.0,0.0,0.0,9615.0,0.0,77,9303
2026-07-13_21-10-49,110.0,2222.0,2222.0,1.0,0.0,0.0,9.0,9995.0,1074.0,133,9899
2026-07-13_21-10-59,4.0,103.0,100.0,1.0,145.0,0.0,9.0,10135.0,0.0,182,10310
2026-07-13_21-11-10,5.0,108.0,107.0,1.0,145.0,0.0,9.0,10196.0,8787.0,225,11148
2026-07-13_21-11-20,4.0,103.0,99.0,1.0,145.0,0.0,9.0,10248.0,0.0,271,12263
2026-07-13_21-11-30,4.0,103.0,103.0,1.0,145.0,0.0,9.0,10330.0,0.0,335,15548
2026-07-13_21-11-40,4.0,104.0,98.0,1.0,145.0,0.0,9.0,10389.0,0.0,394,17361
2026-07-13_21-11-51,4.0,108.0,101.0,1.0,145.0,0.0,9.0,10443.0,161.0,444,17668
2026-07-13_21-12-01,10.0,589.0,200.0,3.0,154.0,0.0,30.0,11047.0,36543.0,555,18746
2026-07-13_21-12-11,5.0,108.0,108.0,3.0,168.0,0.0,30.0,11209.0,0.0,737,19790
2026-07-13_21-12-22,4.0,116.0,103.0,3.0,168.0,0.0,30.0,3019.0,0.0,894,20392
2026-07-13_21-12-32,4.0,105.0,99.0,3.0,169.0,0.0,33.0,3206.0,0.0,1099,21077
2026-07-13_21-12-43,4.0,102.0,102.0,3.0,169.0,0.0,33.0,3267.0,39.0,1244,21670
2026-07-13_21-12-54,4.0,110.0,99.0,3.0,169.0,0.0,33.0,3349.0,410.0,1396,22359
2026-07-13_21-13-04,4.0,125.0,93.0,4.0,169.0,0.0,33.0,3464.0,208.0,1636,23697
2026-07-13_21-13-15,5.0,107.0,104.0,4.0,169.0,0.0,33.0,3554.0,164.0,1888,26237
2026-07-13_21-13-26,4.0,107.0,101.0,4.0,169.0,0.0,33.0,3649.0,78.0,2096,28760
2026-07-13_21-13-37,5.0,105.0,105.0,4.0,171.0,0.0,33.0,3814.0,4401.0,2401,29866
2026-07-13_21-13-47,5.0,150.0,114.0,4.0,170.0,0.0,33.0,3936.0,0.0,2735,31043
2026-07-13_21-13-58,4.0,220.0,101.0,5.0,348.0,0.0,49.0,4401.0,166012.0,2973,32732
2026-07-13_21-14-09,4.0,117.0,101.0,5.0,389.0,0.0,49.0,4640.0,52.0,3302,35540
2026-07-13_21-14-20,4.0,183.0,99.0,7.0,448.0,0.0,62.0,5152.0,100388.0,3697,38277
2026-07-13_21-14-31,5.0,130.0,106.0,7.0,439.0,0.0,62.0,5477.0,41559.0,4176,40594
2026-07-13_21-14-42,4.0,106.0,101.0,7.0,445.0,0.0,63.0,5712.0,280.0,4780,43412
2026-07-13_21-14-53,4.0,103.0,102.0,7.0,510.0,0.0,65.0,5874.0,36153.0,5278,45689
2026-07-13_21-15-04,4.0,102.0,96.0,7.0,661.0,0.0,64.0,6146.0,6540.0,5872,48437
2026-07-13_21-15-15,4.0,132.0,100.0,6.0,442.0,0.0,48.0,6291.0,0.0,6305,50216
2026-07-13_21-15-27,5.0,170.0,111.0,6.0,440.0,0.0,45.0,6398.0,0.0,6718,52097
2026-07-13_21-15-38,4.0,108.0,95.0,6.0,440.0,0.0,45.0,6484.0,0.0,7067,53827
2026-07-13_21-15-49,4.0,110.0,100.0,7.0,440.0,0.0,45.0,6631.0,47918.0,7516,56001
2026-07-13_21-16-00,5.0,105.0,104.0,7.0,457.0,0.0,48.0,6767.0,17286.0,8041,58253
2026-07-13_21-16-11,4.0,106.0,103.0,7.0,457.0,0.0,48.0,6924.0,38.0,8727,62920
2026-07-13_21-16-23,4.0,109.0,102.0,7.0,463.0,0.0,45.0,7035.0,119.0,9239,65241
2026-07-13_21-16-34,5.0,104.0,104.0,8.0,469.0,0.0,54.0,7293.0,25907.0,9811,68981
2026-07-13_21-16-45,5.0,374.0,115.0,8.0,469.0,0.0,54.0,7465.0,13137.0,10451,72093
2026-07-13_21-16-56,4.0,103.0,99.0,8.0,469.0,0.0,54.0,7625.0,0.0,11042,74864
2026-07-13_21-17-08,4.0,106.0,95.0,8.0,469.0,0.0,54.0,7736.0,420.0,11648,77662
2026-07-13_21-17-19,6.0,175.0,125.0,8.0,497.0,0.0,60.0,7956.0,144.0,12303,80818
2026-07-13_21-17-31,4.0,133.0,98.0,9.0,863.0,0.0,64.0,8367.0,410.0,13536,86183
2026-07-13_21-17-42,4.0,148.0,103.0,9.0,925.0,0.0,65.0,8673.0,1240.0,14465,92190
2026-07-13_21-17-54,4.0,104.0,99.0,9.0,1030.0,0.0,67.0,8925.0,5692.0,15445,96202
2026-07-13_21-18-05,11.0,234.0,234.0,9.0,1009.0,0.0,67.0,9258.0,5.0,16424,100568
2026-07-13_21-18-17,4.0,108.0,97.0,9.0,1028.0,0.0,67.0,9525.0,266.0,17393,105220
2026-07-13_21-18-29,4.0,107.0,93.0,10.0,1086.0,0.0,79.0,10091.0,23.0,18482,111739
2026-07-13_21-18-41,5.0,105.0,105.0,11.0,1016.0,0.0,85.0,10605.0,31734.0,19555,116839
2026-07-13_21-18-53,4.0,219.0,101.0,11.0,1073.0,0.0,88.0,11051.0,1339.0,20748,122617
2026-07-13_21-19-05,5.0,108.0,108.0,11.0,1091.0,0.0,88.0,11362.0,450.0,21913,128071
2026-07-13_21-19-17,10.0,214.0,214.0,12.0,1057.0,0.0,101.0,11851.0,745369.0,22975,133313
2026-07-13_21-19-29,2.0,498.0,42.0,13.0,1071.0,0.0,113.0,12654.0,123801.0,24242,140054
2026-07-13_21-19-41,4.0,112.0,91.0,13.0,1082.0,0.0,116.0,13054.0,486.0,25493,145168
2026-07-13_21-19-53,4.0,144.0,101.0,13.0,1079.0,0.0,113.0,13434.0,697.0,26770,150383
2026-07-13_21-20-05,5.0,177.0,112.0,14.0,1123.0,0.0,115.0,13908.0,11858.0,28108,155948
2026-07-13_21-20-18,9.0,189.0,189.0,14.0,1149.0,0.0,113.0,14388.0,0.0,29477,164352
2026-07-13_21-20-30,4.0,168.0,91.0,14.0,1092.0,0.0,108.0,14831.0,2957.0,30844,169975
2026-07-13_21-20-42,4.0,156.0,96.0,14.0,1111.0,0.0,118.0,15376.0,195.0,32257,176069
2026-07-13_21-20-54,5.0,163.0,105.0,14.0,1096.0,0.0,120.0,5309.0,8408.0,33757,182462
2026-07-13_21-21-07,5.0,120.0,115.0,14.0,1155.0,0.0,121.0,5880.0,33528.0,35318,188914
2026-07-13_21-21-19,6.0,193.0,137.0,14.0,1182.0,0.0,117.0,6371.0,3180.0,37195,196252
2026-07-13_21-21-32,5.0,121.0,114.0,14.0,1168.0,0.0,117.0,6994.0,472.0,39064,203894
2026-07-13_21-21-44,4.0,165.0,92.0,14.0,1114.0,0.0,113.0,7472.0,12995.0,40855,211095
2026-07-13_21-21-57,5.0,232.0,108.0,14.0,1122.0,0.0,125.0,8122.0,12595.0,42878,219496
